date,code,open,high,low,close,preclose,volume,amount,pctChg
2022-01-04,sh.000300,4957.9835,4961.4527,4874.5337,4917.7653,4940.3733,15153477600,336516961627.0,-0.457617
2022-01-05,sh.000300,4907.9347,4916.2822,4851.9835,4868.1202,4917.7653,17881610000,363944528847.9,-1.009505
2022-01-06,sh.000300,4842.156,4857.5596,4786.433,4818.2318,4868.1202,15766582600,321750076549.2,-1.024798
2022-01-07,sh.000300,4824.3181,4856.6522,4818.1931,4822.3689,4818.2318,18713941300,332218950735.0,0.085863
2022-01-10,sh.000300,4812.23,4844.3928,4780.8191,4844.0451,4822.3689,15621169600,305033816783.5,0.449493
2022-01-11,sh.000300,4840.0087,4850.879,4791.8854,4797.7735,4844.0451,14692800400,286445756033.7,-0.955226
2022-01-12,sh.000300,4818.8902,4852.7314,4810.919,4845.5787,4797.7735,14320020400,293153042845.2,0.996404
2022-01-13,sh.000300,4853.0314,4853.0632,4765.2416,4765.9191,4845.5787,14251965300,288799117043.3,-1.643965
2022-01-14,sh.000300,4743.9124,4764.0522,4723.9428,4726.7317,4765.9191,14686312600,281828448517.4,-0.822242
2022-01-17,sh.000300,4728.7595,4775.2385,4726.7083,4767.2762,4726.7317,11529569100,263788241676.0,0.85777
2022-01-18,sh.000300,4766.7811,4826.3003,4747.92,4813.3472,4767.2762,15087080200,282749393138.7,0.966401
2022-01-19,sh.000300,4815.8106,4828.7522,4755.9301,4780.3784,4813.3472,13392736000,275534557468.5,-0.684945
2022-01-20,sh.000300,4778.2616,4845.0048,4777.5683,4823.5091,4780.3784,16497131500,304344267970.5,0.902244
2022-01-21,sh.000300,4808.7733,4818.3052,4762.5641,4779.3142,4823.5091,13895258500,274699155293.8,-0.91624
2022-01-24,sh.000300,4753.9413,4801.0976,4746.4479,4786.7377,4779.3142,11446388000,246261594852.9,0.155326
2022-01-25,sh.000300,4761.95,4781.3908,4678.2472,4678.4511,4786.7377,13366758600,250555769168.0,-2.262221
2022-01-26,sh.000300,4697.0991,4718.9946,4648.1283,4712.3109,4678.4511,10707084200,226553448356.8,0.72374
2022-01-27,sh.000300,4708.0989,4708.4364,4616.0273,4619.8765,4712.3109,12126380400,250535654824.4,-1.961551
2022-01-28,sh.000300,4641.8137,4660.519,4559.8331,4563.772,4619.8765,12648011200,263967891828.3,-1.214416
2022-02-07,sh.000300,4638.5754,4672.6535,4615.0052,4634.0899,4563.772,14484972000,266031793985.3,1.540785
2022-02-08,sh.000300,4626.4365,4626.4365,4522.4709,4608.7729,4634.0899,15583070800,281364873762.5,-0.546321
2022-02-09,sh.000300,4608.1491,4659.4611,4595.2826,4652.0609,4608.7729,14833554700,273771960506.0,0.939252
2022-02-10,sh.000300,4657.2107,4657.2107,4608.0905,4639.8625,4652.0609,15157666600,287224388085.6,-0.262215
2022-02-11,sh.000300,4617.8741,4662.5963,4595.8751,4601.3953,4639.8625,15597458400,307938016714.5,-0.829059
2022-02-14,sh.000300,4579.4202,4593.6324,4530.0566,4551.6878,4601.3953,14367389400,275737553466.7,-1.08027
2022-02-15,sh.000300,4553.8112,4601.453,4550.543,4600.1025,4551.6878,11502560000,249977008675.0,1.063665
2022-02-16,sh.000300,4619.8458,4643.1003,4607.2178,4617.9893,4600.1025,10725895500,210190931035.5,0.388835
2022-02-17,sh.000300,4616.8955,4650.1591,4606.9522,4629.1649,4617.9893,11001464300,227946249306.5,0.242001
2022-02-18,sh.000300,4604.5669,4651.3415,4598.1003,4651.2358,4629.1649,10455022800,195825700477.9,0.476779
2022-02-21,sh.000300,4646.0522,4646.6724,4613.2971,4634.3141,4651.2358,11251651200,215039182297.2,-0.363811
2022-02-22,sh.000300,4601.9184,4602.066,4550.804,4574.1527,4634.3141,12331723700,246872960668.1,-1.298173
2022-02-23,sh.000300,4582.0064,4625.2979,4579.2945,4623.0465,4574.1527,12295291600,259050146194.4,1.068915
2022-02-24,sh.000300,4592.069,4610.8792,4488.4763,4529.3189,4623.0465,18440305800,342346666856.5,-2.027399
2022-02-25,sh.000300,4564.6321,4611.8602,4561.8964,4573.4247,4529.3189,14972258300,271727599672.0,0.973784
2022-02-28,sh.000300,4563.7427,4581.6459,4530.6764,4581.6459,4573.4247,13540697800,248363727482.7,0.17976
2022-03-01,sh.000300,4597.855,4623.4312,4583.917,4619.6862,4581.6459,12313922000,260431185063.7,0.830276
2022-03-02,sh.000300,4594.017,4594.017,4558.4416,4578.6007,4619.6862,11329832500,215299655365.1,-0.889357
2022-03-03,sh.000300,4595.0249,4599.3973,4544.4313,4551.6283,4578.6007,13828587700,242701771996.2,-0.589097
2022-03-04,sh.000300,4513.3636,4539.3925,4481.4927,4496.4301,4551.6283,12726680600,249970282271.0,-1.212713
2022-03-07,sh.000300,4462.5174,4462.5174,4338.3042,4352.7775,4496.4301,16219770600,306898527658.4,-3.194814
2022-03-08,sh.000300,4361.6424,4383.6467,4252.5386,4265.391,4352.7775,16786327700,315176698370.9,-2.007603
2022-03-09,sh.000300,4280.9789,4304.482,4068.193,4226.3463,4265.391,19423290000,341009391865.7,-0.915384
2022-03-10,sh.000300,4326.2035,4335.6731,4288.5078,4292.8374,4226.3463,14526638300,301636182195.2,1.573253
2022-03-11,sh.000300,4231.1961,4316.044,4176.4522,4306.5217,4292.8374,15239992100,295008832432.0,0.318771
2022-03-14,sh.000300,4248.1526,4280.3609,4174.7577,4174.7577,4306.5217,13018723600,260691659460.8,-3.059639
2022-03-15,sh.000300,4125.4866,4163.4176,3983.812,3983.812,4174.7577,20252469900,346988947367.8,-4.573815
2022-03-16,sh.000300,4053.099,4168.5853,3942.861,4156.081,3983.812,19602198200,378883588290.3,4.324225
2022-03-17,sh.000300,4237.6722,4302.7426,4217.8038,4237.6956,4156.081,17940734400,385039197285.7,1.963739
2022-03-18,sh.000300,4218.4736,4283.3679,4194.9402,4265.9017,4237.6956,14945830500,275791291072.6,0.6656
2022-03-21,sh.000300,4280.1397,4287.8166,4223.024,4258.7459,4265.9017,12703636000,251214543321.0,-0.167744
2022-03-22,sh.000300,4252.5658,4283.3344,4236.6888,4255.295,4258.7459,12638247000,226213533984.5,-0.081031
2022-03-23,sh.000300,4269.6088,4287.5771,4241.957,4276.5174,4255.295,11708907800,226390778403.3,0.498729
2022-03-24,sh.000300,4249.5328,4273.9568,4216.8506,4251.3061,4276.5174,10891827200,219594430540.4,-0.589529
2022-03-25,sh.000300,4249.0731,4254.8449,4173.93,4174.5742,4251.3061,10880804600,217013187264.8,-1.804902
2022-03-28,sh.000300,4128.8379,4174.1206,4091.2978,4148.4663,4174.5742,11844902100,213468973997.5,-0.625403
2022-03-29,sh.000300,4155.4182,4177.2134,4124.7179,4134.1441,4148.4663,10026697200,199463853668.2,-0.345241
2022-03-30,sh.000300,4162.1666,4254.0989,4160.7351,4254.0989,4134.1441,13834602400,268869181171.3,2.901563
2022-03-31,sh.000300,4234.7159,4247.3602,4214.5352,4222.5968,4254.0989,13402918500,238877216805.6,-0.740512
2022-04-01,sh.000300,4198.8191,4290.671,4190.0835,4276.158,4222.5968,13380305300,244758870755.2,1.268442
2022-04-06,sh.000300,4258.8325,4277.5238,4236.7283,4263.8411,4276.158,15906219500,253690929897.9,-0.288037
2022-04-07,sh.000300,4240.0237,4278.1127,4205.743,4209.0998,4263.8411,13488035300,216996185503.7,-1.283849
2022-04-08,sh.000300,4213.2107,4237.8126,4175.5287,4230.7669,4209.0998,14284379300,229081764759.3,0.514768
2022-04-11,sh.000300,4203.7902,4203.7902,4089.0934,4100.0703,4230.7669,14819707100,265224932471.5,-3.089194
2022-04-12,sh.000300,4102.9711,4179.9727,4075.796,4179.9727,4100.0703,14428568400,252830412756.4,1.948806
2022-04-13,sh.000300,4154.4121,4194.0374,4139.737,4139.737,4179.9727,12509748900,221281029559.7,-0.962583
2022-04-14,sh.000300,4172.6443,4217.0612,4155.5509,4191.5684,4139.737,12479131600,245993822040.5,1.252046
2022-04-15,sh.000300,4162.3718,4211.3174,4152.974,4188.7472,4191.5684,12476226300,226229740275.2,-0.067307
2022-04-18,sh.000300,4152.9306,4171.7427,4119.9941,4166.3844,4188.7472,11750461000,212855328186.8,-0.533878
2022-04-19,sh.000300,4161.9328,4186.9389,4115.4184,4134.9017,4166.3844,11021747100,208570579128.8,-0.755636
2022-04-20,sh.000300,4130.5427,4136.1661,4060.5044,4070.7889,4134.9017,11733165800,216536635695.2,-1.550528
2022-04-21,sh.000300,4048.7338,4086.4393,3978.3669,3995.83,4070.7889,13278382800,227026679682.4,-1.841385
2022-04-22,sh.000300,3967.2016,4037.084,3953.7217,4013.2498,3995.83,12210181100,206371766715.6,0.435949
2022-04-25,sh.000300,3933.4459,3958.2102,3814.9127,3814.9127,4013.2498,16836450200,272889272275.2,-4.942057
2022-04-26,sh.000300,3822.4887,3871.8498,3773.8986,3784.1198,3814.9127,15757761100,259626354225.4,-0.807172
2022-04-27,sh.000300,3758.0835,3895.731,3757.0859,3895.5361,3784.1198,17273404600,296924102939.0,2.944312
2022-04-28,sh.000300,3883.4196,3943.4349,3873.5781,3921.1073,3895.5361,15305658600,268502242452.9,0.656423
2022-04-29,sh.000300,3939.6238,4017.4281,3898.5701,4016.241,3921.1073,17945837700,321414877428.2,2.426195
2022-05-05,sh.000300,3995.3533,4039.7,3988.9312,4010.2102,4016.241,15417071600,290538230662.9,-0.15016
2022-05-06,sh.000300,3928.8548,3947.2378,3902.051,3908.815,4010.2102,12300555100,214825174047.3,-2.528426
2022-05-09,sh.000300,3883.9514,3914.1116,3854.9353,3877.4364,3908.815,9293669400,171756502863.8,-0.802765
2022-05-10,sh.000300,3820.6278,3932.6823,3808.5699,3919.8684,3877.4364,13641691800,239060211932.9,1.094331
2022-05-11,sh.000300,3917.9322,4033.3026,3916.5249,3976.4231,3919.8684,16563225600,309294912796.8,1.44277
2022-05-12,sh.000300,3949.949,3985.9268,3935.5886,3958.74,3976.4231,11337606600,202029156415.1,-0.444699
2022-05-13,sh.000300,3983.8201,4003.8539,3957.1392,3988.6002,3958.74,10996835700,195727044922.1,0.754285
2022-05-16,sh.000300,4014.9955,4018.0283,3947.7461,3956.5378,3988.6002,11242529400,199717909541.0,-0.803851
2022-05-17,sh.000300,3961.7605,4005.8934,3955.1018,4005.8934,3956.5378,10966145400,210117539690.9,1.247444
2022-05-18,sh.000300,4015.0134,4017.341,3964.7503,3991.9069,4005.8934,10807423300,201800666052.1,-0.349148
2022-05-19,sh.000300,3938.2964,3999.5984,3933.7452,3999.5984,3991.9069,11629342000,210206681641.5,0.192677
2022-05-20,sh.000300,4020.8162,4077.6016,4020.8162,4077.5998,3999.5984,14706917300,265609089942.6,1.950231
2022-05-23,sh.000300,4080.9694,4080.9694,4029.0846,4053.9823,4077.5998,13047781000,225981540919.1,-0.579201
2022-05-24,sh.000300,4052.8675,4055.783,3959.1541,3959.1541,4053.9823,14555433600,247713039712.6,-2.339137
2022-05-25,sh.000300,3959.7672,3983.6236,3946.8083,3983.1784,3959.1541,10773401500,188700537391.3,0.606804
2022-05-26,sh.000300,3987.6815,4015.7468,3938.2389,3993.0446,3983.1784,12626368900,216987025401.0,0.247697
2022-05-27,sh.000300,4022.7095,4051.1428,3983.3838,4001.2988,3993.0446,11276933700,206944426227.2,0.206714
2022-05-30,sh.000300,4020.8584,4040.819,4003.3768,4029.0179,4001.2988,11115224100,211144721615.5,0.692753
2022-05-31,sh.000300,4031.7621,4096.1971,4020.3781,4091.5176,4029.0179,13541551300,267770088726.0,1.551239
2022-06-01,sh.000300,4086.6177,4094.9008,4058.8468,4083.1772,4091.5176,11485087900,225416237873.3,-0.203846
2022-06-02,sh.000300,4063.9996,4091.152,4057.9135,4089.5682,4083.1772,11389363800,222657537906.0,0.15652
2022-06-06,sh.000300,4090.5286,4166.6151,4063.9057,4166.085,4089.5682,16787101100,324075626903.1,1.871024
2022-06-07,sh.000300,4165.6899,4198.0863,4155.1683,4179.1285,4166.085,14299288100,285733722332.6,0.313088
2022-06-08,sh.000300,4187.1483,4224.8096,4158.0329,4219.8122,4179.1285,15737405700,319480252836.5,0.973497
2022-06-09,sh.000300,4211.7225,4227.4484,4160.8814,4175.6747,4219.8122,16844915400,285172804211.6,-1.045959
2022-06-10,sh.000300,4145.6505,4241.3541,4140.2203,4238.9936,4175.6747,18479621400,324091440663.3,1.516375
2022-06-13,sh.000300,4194.4574,4218.2327,4156.7146,4189.3527,4238.9936,16847562200,336585670508.0,-1.171054
2022-06-14,sh.000300,4143.2232,4224.0857,4102.929,4222.3114,4189.3527,17138590400,335418557931.6,0.786725
2022-06-15,sh.000300,4228.2926,4348.4226,4228.2926,4278.2178,4222.3114,25704659000,459766820664.8,1.324071
2022-06-16,sh.000300,4282.0827,4302.9212,4241.075,4250.0614,4278.2178,18407441600,337235911542.4,-0.658134
2022-06-17,sh.000300,4219.2339,4318.7655,4218.6817,4309.0444,4250.0614,15864909800,346675726828.8,1.387815
2022-06-20,sh.000300,4322.8324,4368.3555,4297.8912,4330.4328,4309.0444,16566638200,359569296859.8,0.496361
2022-06-21,sh.000300,4327.9159,4357.3396,4287.1406,4325.5657,4330.4328,16466761500,317163317740.3,-0.112393
2022-06-22,sh.000300,4331.902,4333.1827,4269.2456,4270.6227,4325.5657,15856585400,298656263311.3,-1.270192
2022-06-23,sh.000300,4277.9555,4343.8781,4260.9002,4343.8781,4270.6227,17088236000,327144780543.7,1.715333
2022-06-24,sh.000300,4354.553,4400.6852,4346.1221,4394.7723,4343.8781,16897219900,356054750521.5,1.17163
2022-06-27,sh.000300,4414.3321,4472.6948,4414.3321,4444.2639,4394.7723,17738567600,381432966327.9,1.126147
2022-06-28,sh.000300,4442.5811,4497.8949,4407.3519,4490.5166,4444.2639,17475648900,361685970663.6,1.040728
2022-06-29,sh.000300,4472.7346,4503.1307,4413.9961,4421.357,4490.5166,18727668800,395926107698.5,-1.540126
2022-06-30,sh.000300,4418.0656,4514.9968,4418.0656,4485.0108,4421.357,15666628900,354343886760.3,1.439689
2022-07-01,sh.000300,4489.5204,4500.9853,4449.2914,4466.7179,4485.0108,14477959900,318492130199.6,-0.407867
2022-07-04,sh.000300,4447.2159,4496.0338,4427.8232,4496.0303,4466.7179,14634565100,356968521261.0,0.65624
2022-07-05,sh.000300,4505.4572,4530.3245,4439.4511,4489.5383,4496.0303,15496241500,361891850839.3,-0.144394
2022-07-06,sh.000300,4475.4815,4484.3615,4393.4165,4423.9698,4489.5383,14980023500,344672707728.0,-1.460473
2022-07-07,sh.000300,4425.2814,4457.3431,4391.1938,4443.4736,4423.9698,13266090600,328133133656.5,0.440866
2022-07-08,sh.000300,4468.0627,4479.4937,4426.8856,4428.781,4443.4736,12319573900,304031107302.5,-0.330656
2022-07-11,sh.000300,4406.1476,4406.1476,4330.5819,4354.6167,4428.781,13444857800,299195233430.3,-1.674598
2022-07-12,sh.000300,4352.6456,4370.3411,4296.6215,4313.6184,4354.6167,13018783800,291072311850.2,-0.94149
2022-07-13,sh.000300,4313.3589,4341.4663,4284.9419,4321.4617,4313.6184,13111317900,286075545406.5,0.181826
2022-07-14,sh.000300,4308.8229,4352.0978,4292.7595,4322.0742,4321.4617,14525092600,301569861036.8,0.014173
2022-07-15,sh.000300,4299.4714,4344.8572,4248.5273,4248.5273,4322.0742,15021445300,316793192669.9,-1.701658
2022-07-18,sh.000300,4262.1539,4300.7777,4217.5064,4292.5858,4248.5273,12260119200,281055128639.5,1.03703
2022-07-19,sh.000300,4288.4441,4288.4441,4238.8238,4269.3401,4292.5858,10380573000,231117731807.1,-0.541531
2022-07-20,sh.000300,4291.2808,4303.3668,4269.9717,4283.8027,4269.3401,9449014400,212301881407.6,0.338755
2022-07-21,sh.000300,4270.3624,4283.1471,4236.0499,4236.0578,4283.8027,11715634400,239228146811.6,-1.114545
2022-07-22,sh.000300,4251.7867,4275.4696,4207.3135,4238.2341,4236.0578,10384062400,224295333457.3,0.051376
2022-07-25,sh.000300,4233.9277,4234.8448,4201.919,4212.6441,4238.2341,8363666400,188136426672.8,-0.603789
2022-07-26,sh.000300,4220.0911,4259.9854,4214.5343,4245.9758,4212.6441,8582327400,197601406373.7,0.79123
2022-07-27,sh.000300,4236.154,4242.0951,4217.2809,4225.0357,4245.9758,7890494000,194245303807.0,-0.493175
2022-07-28,sh.000300,4242.2743,4267.9181,4223.029,4225.6733,4225.0357,10753193000,243871486472.0,0.015091
2022-07-29,sh.000300,4226.4245,4243.5143,4160.8735,4170.1019,4225.6733,11417928600,253198574647.5,-1.31509
2022-08-01,sh.000300,4160.6478,4196.5743,4129.4528,4188.6784,4170.1019,10774902900,251125308597.5,0.445469
2022-08-02,sh.000300,4144.3765,4144.3765,4071.431,4107.024,4188.6784,14222442500,281013555279.9,-1.949407
2022-08-03,sh.000300,4114.8251,4150.9804,4058.1792,4066.9754,4107.024,11666612400,268695834765.4,-0.975125
2022-08-04,sh.000300,4089.4419,4108.1591,4064.6594,4101.5367,4066.9754,8953264400,216898674902.2,0.849804
2022-08-05,sh.000300,4109.6287,4159.485,4097.8625,4156.9111,4101.5367,10257100400,247325902015.1,1.350089
2022-08-08,sh.000300,4142.1111,4155.7301,4135.0809,4148.0746,4156.9111,9020813800,224080812054.7,-0.212574
2022-08-09,sh.000300,4143.666,4161.8086,4131.4252,4156.2907,4148.0746,8413695900,214223692260.1,0.19807
2022-08-10,sh.000300,4149.2071,4160.7871,4092.5455,4109.7373,4156.2907,8556583900,217447368470.0,-1.120071
2022-08-11,sh.000300,4130.741,4193.8115,4116.0558,4193.5428,4109.7373,12138505100,269630998406.8,2.039194
2022-08-12,sh.000300,4185.4203,4202.4663,4175.0501,4191.152,4193.5428,10680829500,219208055254.9,-0.057011
2022-08-15,sh.000300,4180.0006,4219.9183,4174.3,4185.6794,4191.152,10589849500,245539800985.4,-0.130575
2022-08-16,sh.000300,4190.5269,4208.8006,4170.5197,4177.837,4185.6794,9390613900,233818584731.5,-0.187363
2022-08-17,sh.000300,4182.5668,4222.7866,4155.1734,4216.9586,4177.837,11286465900,252044325051.7,0.936408
2022-08-18,sh.000300,4205.7851,4211.9141,4173.541,4180.0996,4216.9586,10105265000,233115491389.8,-0.874066
2022-08-19,sh.000300,4174.5458,4185.6579,4151.0738,4151.0738,4180.0996,11740297800,262494128152.3,-0.694381
2022-08-22,sh.000300,4135.1623,4183.6498,4134.2008,4181.3965,4151.0738,11244272000,259747163698.2,0.730478
2022-08-23,sh.000300,4175.5314,4187.3875,4147.4127,4161.0823,4181.3965,10315351200,239101330833.1,-0.485823
2022-08-24,sh.000300,4168.5764,4174.1565,4079.0934,4082.4195,4161.0823,11906967900,262844309316.1,-1.890441
2022-08-25,sh.000300,4093.2949,4119.6196,4058.7454,4116.2396,4082.4195,11132074500,242149581477.5,0.828433
2022-08-26,sh.000300,4127.8142,4139.7879,4102.6818,4107.5455,4116.2396,9900049300,225519196800.4,-0.211215
2022-08-29,sh.000300,4063.8825,4092.9474,4059.5963,4089.5205,4107.5455,9435443200,203086114712.3,-0.438827
2022-08-30,sh.000300,4088.5262,4093.1356,4048.5244,4075.7937,4089.5205,9330166200,192649001277.8,-0.335658
2022-08-31,sh.000300,4057.1443,4112.8485,4046.6225,4078.8402,4075.7937,13244976500,292974665546.2,0.074746
2022-09-01,sh.000300,4066.1869,4090.8852,4041.1281,4043.7395,4078.8402,9738707100,210898503453.9,-0.860556
2022-09-02,sh.000300,4054.8423,4056.1805,4004.911,4023.6131,4043.7395,8678927800,184468327005.7,-0.497718
2022-09-05,sh.000300,4010.4052,4016.9986,3982.7395,4015.4264,4023.6131,9376710900,201118696559.4,-0.203466
2022-09-06,sh.000300,4024.4726,4054.004,4009.5826,4052.2802,4015.4264,11350626500,235921838118.4,0.917805
2022-09-07,sh.000300,4032.7231,4067.5437,4028.374,4054.983,4052.2802,10767805900,215147152182.0,0.066698
2022-09-08,sh.000300,4059.1689,4067.758,4036.0226,4037.6839,4054.983,10088604900,186889047980.8,-0.426613
2022-09-09,sh.000300,4050.5853,4099.0081,4042.2498,4093.7874,4037.6839,11842711400,221442547204.1,1.389497
2022-09-13,sh.000300,4112.0123,4128.1113,4097.1408,4111.1145,4093.7874,11178973700,218521062135.8,0.423254
2022-09-14,sh.000300,4058.0441,4089.0583,4047.9187,4065.359,4111.1145,9079368100,185484965110.5,-1.112971
2022-09-15,sh.000300,4078.6495,4088.8078,3998.8564,4027.1186,4065.359,12395119600,254367492776.0,-0.94064
2022-09-16,sh.000300,4013.5829,4019.4104,3932.6826,3932.6826,4027.1186,13719365500,241251840050.3,-2.345002
2022-09-19,sh.000300,3928.4239,3953.6494,3910.3106,3928.0001,3932.6826,9771957500,183574440581.8,-0.119066
2022-09-20,sh.000300,3945.6467,3957.5538,3921.6884,3932.8361,3928.0001,8482413400,179248153537.9,0.123116
2022-09-21,sh.000300,3921.3177,3924.3914,3884.2268,3903.7348,3932.8361,8645839100,168939074342.6,-0.739957
2022-09-22,sh.000300,3875.1771,3900.2736,3860.2308,3869.344,3903.7348,8094691900,161134102784.4,-0.880972
2022-09-23,sh.000300,3865.1049,3888.3958,3829.6913,3856.0212,3869.344,9434246200,172904807364.4,-0.344317
2022-09-26,sh.000300,3829.5958,3893.3186,3827.9498,3836.6773,3856.0212,10452603100,192906200253.8,-0.501654
2022-09-27,sh.000300,3844.0692,3893.0283,3827.9265,3892.295,3836.6773,8886016000,185955247353.4,1.449632
2022-09-28,sh.000300,3879.4398,3879.4398,3828.0545,3828.7098,3892.295,8659221300,172438042788.2,-1.633617
2022-09-29,sh.000300,3864.316,3873.1823,3808.6496,3827.1434,3828.7098,8565414200,171635940007.5,-0.040912
2022-09-30,sh.000300,3833.3504,3848.6018,3801.2798,3804.8853,3827.1434,7855996600,158692748773.3,-0.581585
2022-10-10,sh.000300,3806.5596,3807.4574,3715.7142,3720.9365,3804.8853,10264759500,194635904094.3,-2.206342
2022-10-11,sh.000300,3732.0191,3739.8084,3706.0629,3727.6867,3720.9365,8394462500,166800394853.2,0.181411
2022-10-12,sh.000300,3722.8659,3784.3064,3661.5255,3784.3064,3727.6867,10808931900,210931362291.5,1.518896
2022-10-13,sh.000300,3756.4176,3783.596,3749.6393,3752.6729,3784.3064,9901891500,198368891548.5,-0.835913
2022-10-14,sh.000300,3783.316,3863.2265,3780.8415,3842.4698,3752.6729,11624229300,256551271975.0,2.392878
2022-10-17,sh.000300,3822.2428,3849.6207,3809.1196,3846.4119,3842.4698,10419201900,220488874406.8,0.102593
2022-10-18,sh.000300,3865.8258,3870.2155,3831.1723,3838.2667,3846.4119,8834690700,186556295765.5,-0.211761
2022-10-19,sh.000300,3827.4658,3840.487,3776.5335,3776.5335,3838.2667,8157484400,186736408229.7,-1.608361
2022-10-20,sh.000300,3746.5793,3804.2468,3726.7925,3754.9269,3776.5335,9029089500,203781618922.2,-0.572128
2022-10-21,sh.000300,3753.8903,3768.6895,3724.69,3742.8929,3754.9269,9875003800,180686357677.0,-0.320486
2022-10-24,sh.000300,3727.915,3762.158,3619.9876,3633.3733,3742.8929,13005686400,259450743134.0,-2.926068
2022-10-25,sh.000300,3621.9356,3670.7327,3594.7011,3627.4542,3633.3733,11095388200,219302759596.7,-0.162909
2022-10-26,sh.000300,3633.3107,3700.8797,3633.3107,3656.9027,3627.4542,12130154800,242453810571.9,0.811823
2022-10-27,sh.000300,3667.6645,3685.0837,3631.0639,3631.1448,3656.9027,11799867500,257473315676.0,-0.704364
2022-10-28,sh.000300,3605.1598,3618.864,3533.4993,3541.3295,3631.1448,11877216200,245816451977.6,-2.473471
2022-10-31,sh.000300,3504.507,3553.3871,3495.9509,3508.7034,3541.3295,13846565500,256574822102.2,-0.921295
2022-11-01,sh.000300,3519.8174,3634.1732,3517.6209,3634.1732,3508.7034,14928669800,295089928407.3,3.575959
2022-11-02,sh.000300,3620.3693,3703.465,3610.8029,3677.8051,3634.1732,14159291900,291648245712.0,1.2006
2022-11-03,sh.000300,3645.0604,3670.1574,3628.4987,3647.8966,3677.8051,11056603500,215379297964.4,-0.813216
2022-11-04,sh.000300,3646.7709,3782.8823,3646.7709,3767.1746,3647.8966,14973494900,311145477555.0,3.269775
2022-11-07,sh.000300,3754.5227,3792.7942,3746.3715,3775.2971,3767.1746,12982637100,251195699936.5,0.215613
2022-11-08,sh.000300,3773.6612,3779.1156,3723.3415,3749.3251,3775.2971,9901645100,193351324896.7,-0.687946
2022-11-09,sh.000300,3750.7821,3760.4068,3711.268,3714.2704,3749.3251,8943452500,172029529943.6,-0.93496
2022-11-10,sh.000300,3685.8274,3701.5306,3665.0585,3685.6885,3714.2704,10350930200,183155308702.9,-0.769516
2022-11-11,sh.000300,3787.7568,3828.9004,3747.0902,3788.4387,3685.6885,18968558600,344471326267.1,2.787816
2022-11-14,sh.000300,3818.1447,3848.4116,3781.7778,3794.0171,3788.4387,16966504800,315536856084.6,0.147248
2022-11-15,sh.000300,3788.926,3871.6424,3775.4988,3865.9726,3794.0171,15151565000,296268142768.9,1.896552
2022-11-16,sh.000300,3860.811,3877.6781,3829.3126,3834.3899,3865.9726,12061096400,235844588244.6,-0.816941
2022-11-17,sh.000300,3821.2709,3821.7419,3776.5739,3818.664,3834.3899,10594063200,219540811334.9,-0.410128
2022-11-18,sh.000300,3823.8207,3840.3018,3801.5686,3801.5686,3818.664,11507877700,224276131007.5,-0.44768
2022-11-21,sh.000300,3769.627,3769.8731,3733.9954,3769.1269,3801.5686,9586696600,188230373665.4,-0.853377
2022-11-22,sh.000300,3766.0817,3809.8582,3751.0448,3769.5727,3769.1269,14448633400,203490828432.2,0.011828
2022-11-23,sh.000300,3760.2157,3791.1782,3753.2136,3773.5287,3769.5727,14452791100,201070601177.9,0.104946
2022-11-24,sh.000300,3791.5399,3804.8987,3751.3818,3756.8082,3773.5287,10107344700,160698921546.2,-0.4431
2022-11-25,sh.000300,3751.2822,3790.566,3743.4138,3775.7764,3756.8082,14292971100,191711040706.5,0.504902
2022-11-28,sh.000300,3701.902,3736.0813,3672.1306,3733.2424,3775.7764,12782574800,196305561705.9,-1.126497
2022-11-29,sh.000300,3766.5702,3854.7742,3766.5702,3848.4224,3733.2424,17870139200,289062336430.7,3.085254
2022-11-30,sh.000300,3836.5598,3867.6591,3833.8272,3853.0365,3848.4224,15751140000,250051468093.3,0.119896
2022-12-01,sh.000300,3921.2954,3944.5645,3893.8718,3894.7687,3853.0365,16996458500,306678195716.4,1.083099
2022-12-02,sh.000300,3886.4034,3898.1146,3865.8844,3870.9478,3894.7687,11678635000,201253166362.9,-0.611613
2022-12-05,sh.000300,3907.6375,3947.476,3900.6742,3946.8759,3870.9478,20174722100,296615512326.6,1.961486
2022-12-06,sh.000300,3929.0063,3988.9007,3922.9969,3968.1979,3946.8759,15510832300,275583430840.8,0.540225
2022-12-07,sh.000300,3956.6722,3999.5864,3944.1831,3958.4409,3968.1979,14300135600,255490829027.1,-0.24588
2022-12-08,sh.000300,3953.199,3971.4927,3941.2966,3959.1798,3958.4409,11519998600,198037690481.4,0.018666
2022-12-09,sh.000300,3961.9919,4003.3178,3944.4396,3998.2442,3959.1798,15377495400,268166789656.9,0.986679
2022-12-12,sh.000300,3976.1722,3983.4332,3950.3203,3953.4433,3998.2442,12593536800,227606300936.9,-1.120514
2022-12-13,sh.000300,3953.5482,3964.3957,3939.9795,3945.6813,3953.4433,10099410000,184020700110.0,-0.196335
2022-12-14,sh.000300,3952.7885,3972.7381,3935.7668,3954.8857,3945.6813,9852800600,196175108617.2,0.233278
2022-12-15,sh.000300,3954.672,3963.5002,3926.4997,3951.9885,3954.8857,8886472500,181994889123.4,-0.073256
2022-12-16,sh.000300,3931.2318,3960.4705,3929.4873,3954.227,3951.9885,9317856700,167488442588.9,0.056642
2022-12-19,sh.000300,3952.7707,3966.5679,3878.4367,3893.2207,3954.227,10691907500,180801387702.4,-1.542812
2022-12-20,sh.000300,3881.2257,3881.2729,3811.4759,3829.0173,3893.2207,8309682200,164046440873.7,-1.649108
2022-12-21,sh.000300,3839.0009,3853.7272,3821.4037,3830.5384,3829.0173,6483921500,123450040359.8,0.039726
2022-12-22,sh.000300,3859.2041,3882.1263,3821.3418,3836.028,3830.5384,8370517300,163970306950.9,0.143311
2022-12-23,sh.000300,3811.6164,3848.3436,3805.9487,3828.2188,3836.028,6527814800,130559415565.7,-0.203575
2022-12-26,sh.000300,3830.5682,3856.8066,3827.5186,3843.4887,3828.2188,7300571200,148692832422.1,0.398877
2022-12-27,sh.000300,3860.9054,3891.8497,3856.58,3887.854,3843.4887,7751535000,152032206630.9,1.154298
2022-12-28,sh.000300,3874.9132,3884.7205,3854.9406,3871.2644,3887.854,8442465600,160671122030.7,-0.426703
2022-12-29,sh.000300,3854.2363,3868.2933,3838.4803,3856.7007,3871.2644,7939481500,149011372437.3,-0.3762
2022-12-30,sh.000300,3873.9358,3887.5527,3868.7569,3871.6338,3856.7007,7877327200,148295049381.5,0.387199
2023-01-03,sh.000300,3864.8356,3893.9904,3831.245,3887.8992,3871.6338,11505187500,207540165953.2,0.420117
2023-01-04,sh.000300,3886.2504,3905.9032,3873.6549,3892.9477,3887.8992,11066074300,198997711686.0,0.129852
2023-01-05,sh.000300,3913.4928,3974.875,3912.26,3968.5782,3892.9477,11650239500,256312608292.0,1.942757
2023-01-06,sh.000300,3969.5493,4000.4143,3966.4696,3980.8888,3968.5782,11095303800,235744305582.2,0.310202
2023-01-09,sh.000300,3998.5278,4023.0898,3990.7073,4013.1196,3980.8888,11705442500,233212426458.1,0.809638
2023-01-10,sh.000300,4014.7125,4030.4574,4002.2297,4017.4737,4013.1196,10175114100,214871166239.5,0.108497
2023-01-11,sh.000300,4019.8844,4043.3991,4008.0153,4010.0309,4017.4737,9999788900,203000262960.6,-0.185261
2023-01-12,sh.000300,4021.7547,4030.2876,4003.5079,4017.8692,4010.0309,9055262700,183686268106.8,0.195467
2023-01-13,sh.000300,4032.2906,4074.3772,4027.8864,4074.3772,4017.8692,9587189600,212173997498.4,1.406417
2023-01-16,sh.000300,4077.8793,4177.1035,4076.6394,4137.9643,4074.3772,15139545500,319007749371.3,1.560658
2023-01-17,sh.000300,4138.8433,4148.5838,4118.157,4137.2422,4137.9643,9547904000,204381576523.4,-0.017451
2023-01-18,sh.000300,4140.1019,4151.4577,4125.7687,4130.3143,4137.2422,8420064500,172126171819.2,-0.167452
2023-01-19,sh.000300,4125.5772,4156.0077,4105.9797,4156.0077,4130.3143,9460839800,192699589774.1,0.622069
2023-01-20,sh.000300,4166.8444,4189.831,4161.6698,4181.5267,4156.0077,12355380900,222342455100.7,0.614027
2023-01-30,sh.000300,4267.6248,4268.1522,4197.8596,4201.345,4181.5267,16460706400,330193322092.2,0.473949
2023-01-31,sh.000300,4200.5813,4212.7347,4153.0484,4156.8578,4201.345,12455083500,249365321627.1,-1.05888
2023-02-01,sh.000300,4170.1322,4195.9332,4137.7659,4195.9332,4156.8578,14100895400,265553944709.3,0.940023
2023-02-02,sh.000300,4207.4123,4207.4123,4170.5565,4181.1493,4195.9332,13382373600,262497434837.0,-0.352339
2023-02-03,sh.000300,4162.0258,4162.0258,4103.1654,4141.6319,4181.1493,11704122100,226914770043.9,-0.945132
2023-02-06,sh.000300,4103.8307,4105.9445,4065.2224,4086.8779,4141.6319,11019271700,226345113968.7,-1.322039
2023-02-07,sh.000300,4098.3117,4107.3438,4077.9623,4094.2335,4086.8779,9136007200,183537351577.1,0.179981
2023-02-08,sh.000300,4099.8573,4111.4745,4072.6474,4076.1411,4094.2335,8478609900,170591751817.3,-0.4419
2023-02-09,sh.000300,4067.5631,4130.8565,4064.7489,4130.8565,4076.1411,10228996100,211722604859.2,1.342333
2023-02-10,sh.000300,4124.0986,4125.2893,4092.3472,4106.3097,4130.8565,9671673300,195348320573.4,-0.59423
2023-02-13,sh.000300,4098.8795,4146.45,4092.2729,4143.574,4106.3097,12889257700,251990181553.9,0.907489
2023-02-14,sh.000300,4151.247,4152.0487,4125.2583,4145.2902,4143.574,10249989000,204915435749.9,0.041418
2023-02-15,sh.000300,4146.8547,4153.7159,4115.9671,4123.6893,4145.2902,12166450800,219855528966.4,-0.521095
2023-02-16,sh.000300,4125.4087,4167.9003,4068.8591,4093.4876,4123.6893,15931058500,281315625588.6,-0.732395
2023-02-17,sh.000300,4086.2237,4104.6398,4032.9285,4034.507,4093.4876,11614258900,225737746955.0,-1.44084
2023-02-20,sh.000300,4039.9623,4134.8623,4035.4762,4133.4896,4034.507,16179448100,280122962150.4,2.4534
2023-02-21,sh.000300,4130.0632,4151.7994,4116.2716,4144.3536,4133.4896,14577617300,249674201048.2,0.262829
2023-02-22,sh.000300,4118.9669,4134.8759,4101.8596,4106.9506,4144.3536,10429029500,191586158991.2,-0.902505
2023-02-23,sh.000300,4106.2136,4132.3896,4088.2073,4103.6463,4106.9506,10356490600,197193582430.1,-0.080456
2023-02-24,sh.000300,4100.9897,4102.6094,4048.2374,4061.0457,4103.6463,10098942500,191210465053.2,-1.038116
2023-02-27,sh.000300,4040.4571,4067.0296,4034.5237,4043.8444,4061.0457,9378763000,187959491145.3,-0.423568
2023-02-28,sh.000300,4058.1298,4074.2639,4026.4476,4069.4587,4043.8444,11032359100,198799712379.1,0.633415
2023-03-01,sh.000300,4068.7331,4135.4812,4061.2167,4126.9415,4069.4587,15601579400,255374791015.7,1.412542
2023-03-02,sh.000300,4119.9919,4137.2525,4113.8264,4117.7377,4126.9415,14821763700,235953764969.5,-0.223017
2023-03-03,sh.000300,4126.0183,4135.2116,4100.3827,4130.5513,4117.7377,16033174100,226914545628.4,0.311181
2023-03-06,sh.000300,4131.1525,4132.8367,4088.4484,4109.0102,4130.5513,16297180700,283079861971.5,-0.521507
2023-03-07,sh.000300,4103.6419,4124.9609,4046.5679,4048.8519,4109.0102,19591206800,272491994009.2,-1.464058
2023-03-08,sh.000300,4030.7387,4037.287,4011.5231,4034.1077,4048.8519,11793649300,191659655190.9,-0.364158
2023-03-09,sh.000300,4035.8433,4043.8493,4000.8901,4019.8505,4034.1077,11653962900,201737990686.8,-0.353416
2023-03-10,sh.000300,3991.7959,4004.3612,3966.428,3967.1352,4019.8505,12385540900,218286956131.0,-1.311375
2023-03-13,sh.000300,3962.6426,4008.686,3962.6426,4008.686,3967.1352,14356137000,242865516757.6,1.047375
2023-03-14,sh.000300,3999.8803,4001.9415,3946.9405,3984.6956,4008.686,15054417400,267224848810.5,-0.59846
2023-03-15,sh.000300,4011.8444,4018.7495,3986.902,3986.902,3984.6956,14202600700,232101093978.6,0.055372
2023-03-16,sh.000300,3958.1962,3981.321,3936.4758,3939.1505,3986.902,15251564400,246264286428.0,-1.197709
2023-03-17,sh.000300,3971.1585,4004.2153,3945.2501,3958.8194,3939.1505,17743381800,305541015556.1,0.499318
2023-03-20,sh.000300,3962.6625,3979.5485,3935.0161,3939.077,3958.8194,20526497000,319760032638.0,-0.498694
2023-03-21,sh.000300,3948.1573,3982.7047,3948.1573,3982.3782,3939.077,14509067900,251631985016.9,1.099273
2023-03-22,sh.000300,3993.7849,4016.4495,3986.7093,3999.4427,3982.3782,14922897000,265180992104.1,0.4285
2023-03-23,sh.000300,3985.9928,4039.0895,3983.9986,4039.0895,3999.4427,15888742100,296479529467.0,0.991308
2023-03-24,sh.000300,4035.1564,4037.8417,4017.0028,4027.0457,4039.0895,15944233000,295785588943.1,-0.298181
2023-03-27,sh.000300,4023.3028,4023.3028,3987.0297,4012.4771,4027.0457,16848227900,315474696948.0,-0.361769
2023-03-28,sh.000300,4015.6973,4023.7834,3994.5999,3999.5147,4012.4771,13189511700,248736920971.8,-0.323052
2023-03-29,sh.000300,4013.5926,4017.7572,3992.6662,4006.144,3999.5147,13374351000,263866922733.1,0.165753
2023-03-30,sh.000300,4009.5573,4040.5023,3983.8958,4038.5257,4006.144,14990103700,280004715991.0,0.808301
2023-03-31,sh.000300,4045.4538,4063.5675,4039.9587,4050.9257,4038.5257,13884254600,279863685781.0,0.307043
2023-04-03,sh.000300,4059.6227,4094.9376,4059.0607,4090.5676,4050.9257,18212431300,382895558426.0,0.978589
2023-04-04,sh.000300,4089.2932,4103.1583,4080.0682,4103.1052,4090.5676,19714663100,394443175146.2,0.3065
2023-04-06,sh.000300,4084.132,4098.8332,4078.4048,4096.64,4103.1052,15070337400,328981851588.3,-0.157568
2023-04-07,sh.000300,4096.9009,4131.3126,4092.1848,4123.2799,4096.64,12867673800,286567771883.1,0.650287
2023-04-10,sh.000300,4132.0096,4132.2952,4099.0519,4104.8118,4123.2799,15245300200,340822557207.6,-0.447898
2023-04-11,sh.000300,4108.5062,4116.1247,4083.4946,4100.1479,4104.8118,15390133300,324192951998.7,-0.11362
2023-04-12,sh.000300,4102.3968,4108.2451,4090.2784,4097.2876,4100.1479,16596527800,325425226403.2,-0.069761
2023-04-13,sh.000300,4081.3871,4088.8809,4059.5744,4068.9786,4097.2876,15644429500,300291020752.9,-0.690921
2023-04-14,sh.000300,4078.9703,4098.2151,4075.2049,4091.9988,4068.9786,15069568200,306201501438.7,0.565749
2023-04-17,sh.000300,4090.0719,4149.3836,4089.509,4149.3836,4091.9988,18877309500,341831272792.7,1.402366
2023-04-18,sh.000300,4139.3088,4169.6678,4138.4618,4162.032,4149.3836,17018413000,331545662315.6,0.304826
2023-04-19,sh.000300,4159.3938,4159.3938,4118.6261,4124.5589,4162.032,16255459200,312219504522.6,-0.900356
2023-04-20,sh.000300,4122.9461,4125.8231,4094.0022,4113.0192,4124.5589,16270667700,332172409512.0,-0.27978
2023-04-21,sh.000300,4114.2642,4114.2642,4031.9123,4032.5672,4113.0192,18080243500,347852011602.5,-1.956033
2023-04-24,sh.000300,4031.303,4033.6367,3967.907,3982.6429,4032.5672,17009921700,328375614674.3,-1.238028
2023-04-25,sh.000300,3985.1055,3991.6868,3925.436,3962.6658,3982.6429,17255540900,331110619767.7,-0.501604
2023-04-26,sh.000300,3950.2553,3975.6562,3934.6625,3959.2323,3962.6658,16270200600,322062811333.5,-0.086646
2023-04-27,sh.000300,3948.0313,3999.1302,3942.8152,3988.4185,3959.2323,15382819500,304804002557.4,0.737168
2023-04-28,sh.000300,3993.2561,4030.4469,3993.2561,4029.0858,3988.4185,17950848800,328936294025.2,1.019635
2023-05-04,sh.000300,4013.4713,4035.7832,4001.1259,4030.2471,4029.0858,22758284600,345492506049.3,0.028823
2023-05-05,sh.000300,4031.0946,4047.6015,3998.392,4016.8774,4030.2471,20662692400,307694489937.0,-0.331734
2023-05-08,sh.000300,4028.1056,4070.7724,4018.9608,4062.6624,4016.8774,25558308500,359539954170.1,1.139816
2023-05-09,sh.000300,4065.439,4092.8501,4026.3886,4027.8754,4062.6624,27930604800,396422120420.6,-0.856261
2023-05-10,sh.000300,4017.9358,4019.0587,3984.6287,3996.8695,4027.8754,20755270900,309484851741.1,-0.769783
2023-05-11,sh.000300,4005.7823,4018.0579,3988.4816,3990.6637,3996.8695,14480461900,241052071431.6,-0.155267
2023-05-12,sh.000300,3987.769,3999.3831,3937.5274,3937.7622,3990.6637,14442172800,228992923388.1,-1.325632
2023-05-15,sh.000300,3938.83,3998.8872,3923.0317,3998.8872,3937.7622,17625736200,279531163508.4,1.552278
2023-05-16,sh.000300,4002.5237,4005.015,3966.9921,3978.2054,3998.8872,13683327100,234840652671.0,-0.517189
2023-05-17,sh.000300,3971.7017,3982.6044,3945.7137,3960.165,3978.2054,11844818500,205195685976.4,-0.453481
2023-05-18,sh.000300,3965.5162,3982.7178,3939.5526,3956.0701,3960.165,13653394700,229134184412.9,-0.103402
2023-05-19,sh.000300,3946.2215,3967.2816,3928.316,3944.5403,3956.0701,12021247900,207094944781.3,-0.291446
2023-05-22,sh.000300,3941.0015,3985.4031,3935.8015,3969.3277,3944.5403,10911660500,202185550245.9,0.628398
2023-05-23,sh.000300,3968.2346,3971.939,3913.1882,3913.1882,3969.3277,11868507700,189955815340.0,-1.414333
2023-05-24,sh.000300,3903.7818,3903.7818,3859.0935,3859.0935,3913.1882,13725826500,211768410520.2,-1.382369
2023-05-25,sh.000300,3851.4053,3861.3815,3817.8365,3850.4996,3859.0935,12415077000,213313620055.3,-0.222692
2023-05-26,sh.000300,3848.4174,3859.6291,3815.5701,3850.9511,3850.4996,10032643900,191537814872.5,0.011726
2023-05-29,sh.000300,3862.0838,3866.7238,3819.1822,3833.9416,3850.9511,13185996700,230095604813.4,-0.441696
2023-05-30,sh.000300,3827.7924,3844.0052,3789.2736,3837.7531,3833.9416,13761962900,244566265534.9,0.099415
2023-05-31,sh.000300,3827.1634,3827.1634,3781.4034,3798.5434,3837.7531,12638736800,235606123947.6,-1.021684
2023-06-01,sh.000300,3788.5902,3832.2051,3786.7344,3806.8679,3798.5434,13456188100,241829546409.4,0.21915
2023-06-02,sh.000300,3821.6198,3865.2843,3821.6198,3861.8337,3806.8679,12501511000,232696547130.8,1.443859
2023-06-05,sh.000300,3860.5557,3860.5557,3832.4578,3844.2492,3861.8337,11616398900,211144360143.7,-0.455341
2023-06-06,sh.000300,3840.4587,3867.8452,3802.8449,3808.1629,3844.2492,12578125800,222091722592.2,-0.938709
2023-06-07,sh.000300,3815.4823,3823.1124,3780.1021,3789.3418,3808.1629,9886243200,189879792179.6,-0.49423
2023-06-08,sh.000300,3791.0826,3834.3888,3777.7752,3820.1867,3789.3418,11870093400,199119300649.7,0.813991
2023-06-09,sh.000300,3822.4088,3836.7026,3811.2189,3836.7026,3820.1867,13431986300,247296087070.9,0.432332
2023-06-12,sh.000300,3827.3253,3859.7156,3813.8577,3844.4324,3836.7026,12675854300,240791270473.5,0.20147
2023-06-13,sh.000300,3838.1287,3867.3034,3833.4598,3864.9074,3844.4324,11092494600,225435215314.9,0.532588
2023-06-14,sh.000300,3872.7155,3891.6656,3862.0609,3864.0247,3864.9074,12495575900,243932581183.9,-0.022839
2023-06-15,sh.000300,3871.7746,3925.4994,3871.7746,3925.4994,3864.0247,12836993800,282635910894.2,1.59095
2023-06-16,sh.000300,3932.2114,3968.0128,3928.5419,3963.3509,3925.4994,13976007600,280374762837.8,0.964247
2023-06-19,sh.000300,3957.0327,3957.0327,3922.4742,3930.9079,3963.3509,13490584800,268213068579.8,-0.818575
2023-06-20,sh.000300,3926.094,3937.4945,3918.473,3924.2377,3930.9079,12252031800,266274081286.8,-0.169686
2023-06-21,sh.000300,3909.1044,3920.1276,3864.0323,3864.0323,3924.2377,11834657500,243630705591.5,-1.534194
2023-06-26,sh.000300,3833.4436,3841.2862,3801.0537,3809.6962,3864.0323,13399041900,247713845779.5,-1.406202
2023-06-27,sh.000300,3811.6872,3851.8957,3806.3242,3845.4334,3809.6962,11699268100,210097713687.6,0.938059
2023-06-28,sh.000300,3836.6086,3846.8516,3808.1607,3840.7986,3845.4334,10702154100,206187959876.8,-0.120527
2023-06-29,sh.000300,3836.7305,3840.7132,3817.3759,3821.8435,3840.7986,9828927400,204110031407.8,-0.49352
2023-06-30,sh.000300,3816.3345,3860.0311,3813.552,3842.4516,3821.8435,10126842900,208146272909.0,0.539219
2023-07-03,sh.000300,3853.2919,3897.3273,3853.2919,3892.8821,3842.4516,13315805100,256876520211.7,1.312456
2023-07-04,sh.000300,3888.0328,3899.9755,3878.3978,3899.0133,3892.8821,10949452700,216335611421.8,0.157498
2023-07-05,sh.000300,3895.1945,3899.5188,3864.1301,3868.8054,3899.0133,9763638400,188400265050.6,-0.774758
2023-07-06,sh.000300,3857.0304,3876.8901,3836.4573,3842.7547,3868.8054,10012184200,184742420862.3,-0.673353
2023-07-07,sh.000300,3831.5955,3844.8438,3819.0772,3825.6988,3842.7547,10090692000,173918560673.0,-0.443846
2023-07-10,sh.000300,3841.5591,3865.4566,3831.92,3844.3269,3825.6988,9203344100,185360813110.7,0.48692
2023-07-11,sh.000300,3853.7955,3870.6549,3844.5244,3869.4861,3844.3269,8651071600,177585694368.3,0.65445
2023-07-12,sh.000300,3864.6013,3874.0403,3838.5632,3843.4369,3869.4861,11152202400,214046519056.1,-0.673195
2023-07-13,sh.000300,3855.662,3901.1023,3855.662,3898.4229,3843.4369,12030023200,235278706834.5,1.430647
2023-07-14,sh.000300,3904.6033,3908.4871,3893.7862,3899.1027,3898.4229,12236484600,220230466522.9,0.017438
2023-07-17,sh.000300,3881.6225,3881.6225,3852.2626,3867.1749,3899.1027,9834014400,174623552807.4,-0.81885
2023-07-18,sh.000300,3871.0444,3871.0444,3844.5129,3854.9393,3867.1749,9143861500,167104315117.1,-0.316396
2023-07-19,sh.000300,3848.4826,3860.0092,3830.4073,3850.8663,3854.9393,7958570000,151311481029.8,-0.105657
2023-07-20,sh.000300,3857.7725,3875.6241,3818.7134,3823.6946,3850.8663,9204207600,174320872139.8,-0.7056
2023-07-21,sh.000300,3816.9835,3849.5109,3808.803,3821.91,3823.6946,7950756300,157144211209.3,-0.046672
2023-07-24,sh.000300,3803.3492,3828.7853,3798.8048,3805.221,3821.91,7548354500,151448369566.2,-0.436666
2023-07-25,sh.000300,3866.6445,3915.8148,3866.6445,3915.1153,3805.221,16306632000,299853562168.1,2.887987
2023-07-26,sh.000300,3908.174,3912.9834,3893.3987,3907.0128,3915.1153,10788171700,192912604792.0,-0.206954
2023-07-27,sh.000300,3914.2298,3935.3578,3894.6923,3902.3458,3907.0128,11066710900,196845425513.0,-0.119452
2023-07-28,sh.000300,3889.7929,4000.919,3886.5535,3992.7376,3902.3458,17973548100,310092467404.5,2.316345
2023-07-31,sh.000300,4018.8895,4064.3621,4002.0784,4014.6301,3992.7376,19960683000,366544120003.6,0.548308
2023-08-01,sh.000300,4009.1831,4031.7008,3983.0273,3998.001,4014.6301,14228685900,255620773637.6,-0.414213
2023-08-02,sh.000300,3985.6951,4008.3343,3958.5127,3969.895,3998.001,12585569000,204875690923.8,-0.703001
2023-08-03,sh.000300,3962.1296,4004.9996,3962.1296,4004.9839,3969.895,12900664000,224809824820.3,0.883875
2023-08-04,sh.000300,4033.7239,4058.2431,4011.6202,4020.5792,4004.9839,17826718900,316529733837.7,0.389397
2023-08-07,sh.000300,4002.9677,4002.9677,3977.0173,3990.1531,4020.5792,12131066200,227090572750.9,-0.756759
2023-08-08,sh.000300,3980.0423,4002.2904,3963.4632,3979.7322,3990.1531,10987169900,202611335313.8,-0.261165
2023-08-09,sh.000300,3967.3566,3982.1091,3961.8434,3967.5652,3979.7322,9464026900,174394242765.3,-0.305724
2023-08-10,sh.000300,3962.8569,3976.4637,3945.3869,3975.7166,3967.5652,9717684900,175646730198.2,0.205451
2023-08-11,sh.000300,3977.9834,3977.9834,3884.2538,3884.2538,3975.7166,12608293100,203546314647.4,-2.300536
2023-08-14,sh.000300,3840.8872,3859.4718,3814.0711,3855.9061,3884.2538,11596633600,197623765246.4,-0.729811
2023-08-15,sh.000300,3858.3662,3865.284,3811.6839,3846.5357,3855.9061,10309711100,177437071692.5,-0.243014
2023-08-16,sh.000300,3830.8274,3852.4198,3817.6324,3818.3338,3846.5357,9461694600,169323869027.6,-0.733177
2023-08-17,sh.000300,3801.1969,3836.1507,3782.4967,3831.1008,3818.3338,9841549300,174093848242.9,0.334361
2023-08-18,sh.000300,3832.4554,3844.195,3784.0038,3784.0038,3831.1008,9554963800,168445686988.2,-1.229333
2023-08-21,sh.000300,3773.225,3782.1112,3729.555,3729.555,3784.0038,9870836900,173379942906.6,-1.43892
2023-08-22,sh.000300,3748.0675,3770.0556,3704.6785,3758.2271,3729.555,12031832700,203463879671.8,0.768781
2023-08-23,sh.000300,3751.7736,3756.1659,3695.0309,3696.6339,3758.2271,9708163800,160476231586.9,-1.63889
2023-08-24,sh.000300,3711.5403,3748.8567,3701.5717,3723.4293,3696.6339,11961452100,196257391083.7,0.724859
2023-08-25,sh.000300,3703.5136,3734.2185,3695.8442,3709.1517,3723.4293,10518261000,175601437172.9,-0.383453
2023-08-28,sh.000300,3911.5485,3911.5485,3740.5279,3752.6194,3709.1517,19799037900,335047670966.8,1.171904
2023-08-29,sh.000300,3743.0534,3810.3772,3742.0758,3790.1067,3752.6194,15248614600,262134936751.0,0.998964
2023-08-30,sh.000300,3803.1191,3813.7032,3780.2411,3788.5097,3790.1067,12967166100,226727480838.7,-0.042136
2023-08-31,sh.000300,3786.9261,3793.9972,3762.0046,3765.2678,3788.5097,11896164600,193577001342.0,-0.613484
2023-09-01,sh.000300,3778.9129,3808.5306,3778.9129,3791.4912,3765.2678,10531904500,172219141586.1,0.696455
2023-09-04,sh.000300,3812.9873,3854.2605,3804.5886,3848.9517,3791.4912,14238520100,237934727924.3,1.515512
2023-09-05,sh.000300,3839.5779,3839.5779,3814.3338,3820.3174,3848.9517,10405233300,181377877955.3,-0.743951
2023-09-06,sh.000300,3808.1,3817.5239,3790.8949,3812.0283,3820.3174,9344239300,166081524007.0,-0.216974
2023-09-07,sh.000300,3802.2272,3802.2272,3756.853,3758.4748,3812.0283,9510390300,164405748827.5,-1.404856
2023-09-08,sh.000300,3747.6509,3753.263,3724.987,3739.9927,3758.4748,7163816600,129197657303.1,-0.491745
2023-09-11,sh.000300,3740.5846,3788.3219,3734.7228,3767.537,3739.9927,10535801600,186871759441.3,0.73648
2023-09-12,sh.000300,3764.3331,3775.093,3755.4162,3760.6048,3767.537,7938537800,140117510233.3,-0.183998
2023-09-13,sh.000300,3759.6091,3768.8162,3719.1114,3736.6513,3760.6048,8157690100,138238089912.5,-0.636959
2023-09-14,sh.000300,3736.9355,3748.8177,3717.3107,3733.5077,3736.6513,10038607500,151578100463.9,-0.084129
2023-09-15,sh.000300,3740.7853,3749.0247,3699.3806,3708.7766,3733.5077,10939568900,180398970938.3,-0.662409
2023-09-18,sh.000300,3698.9344,3737.5306,3691.1107,3727.711,3708.7766,8672774100,156966973910.5,0.51053
2023-09-19,sh.000300,3723.4244,3724.0717,3702.6934,3720.5021,3727.711,8319903800,135216895229.4,-0.193387
2023-09-20,sh.000300,3715.9578,3718.5207,3705.1274,3705.6898,3720.5021,7544820900,117691805957.0,-0.398126
2023-09-21,sh.000300,3698.313,3708.4557,3672.4448,3672.4448,3705.6898,8303100500,135011796555.2,-0.897134
2023-09-22,sh.000300,3672.6402,3740.4183,3664.7661,3738.9327,3672.4448,11023116600,192236467362.8,1.810453
2023-09-25,sh.000300,3738.0622,3738.0622,3711.2049,3714.6037,3738.9327,9259647900,155793827361.5,-0.650694
2023-09-26,sh.000300,3711.7106,3723.8481,3692.6172,3692.8928,3714.6037,7804452500,137808437774.8,-0.584474
2023-09-27,sh.000300,3694.9607,3731.1405,3694.3938,3700.495,3692.8928,9162921000,164790435265.8,0.20586
2023-09-28,sh.000300,3711.2117,3716.0569,3685.3001,3689.5172,3700.495,8522171900,153500421344.0,-0.296658
2023-10-09,sh.000300,3678.929,3694.1713,3641.9966,3684.7272,3689.5172,10214805800,178072374748.1,-0.129827
2023-10-10,sh.000300,3696.2542,3701.2562,3655.589,3657.1259,3684.7272,9916373000,161938958924.8,-0.749073
2023-10-11,sh.000300,3674.7514,3689.5347,3658.355,3667.5483,3657.1259,10209158700,187667554127.0,0.284989
2023-10-12,sh.000300,3697.9337,3711.4985,3682.8418,3702.3824,3667.5483,11436322500,194598219817.3,0.949793
2023-10-13,sh.000300,3677.9585,3678.1913,3652.3094,3663.4104,3702.3824,9828798700,170152309003.0,-1.05262
2023-10-16,sh.000300,3664.039,3664.039,3615.7686,3626.5972,3663.4104,9185311800,159537973598.4,-1.004889
2023-10-17,sh.000300,3635.2994,3645.5654,3619.1277,3639.4018,3626.5972,9074518800,147056233347.4,0.353075
2023-10-18,sh.000300,3631.0671,3632.0579,3608.9768,3610.5767,3639.4018,9454587900,158982356667.4,-0.792029
2023-10-19,sh.000300,3588.5154,3588.5154,3532.3059,3533.5445,3610.5767,11173752000,189194781843.9,-2.133515
2023-10-20,sh.000300,3518.3464,3535.6623,3501.725,3510.5889,3533.5445,9851860500,169591289145.3,-0.649648
2023-10-23,sh.000300,3500.199,3505.3468,3450.6456,3474.2438,3510.5889,9656165200,152054894179.0,-1.035299
2023-10-24,sh.000300,3481.7644,3495.0039,3453.1016,3487.1302,3474.2438,11554728900,186529203442.0,0.370912
2023-10-25,sh.000300,3524.2965,3531.8314,3500.9154,3504.4576,3487.1302,12800961700,203691741119.2,0.496896
2023-10-26,sh.000300,3484.7807,3515.5716,3478.0503,3514.1448,3504.4576,10514356600,176088467225.8,0.276425
2023-10-27,sh.000300,3501.171,3576.5861,3494.5488,3562.3851,3514.1448,12022510800,224301960437.0,1.372747
2023-10-30,sh.000300,3554.1055,3592.7188,3554.0238,3583.7718,3562.3851,14401042600,242973328094.4,0.600348
2023-10-31,sh.000300,3581.6759,3581.6759,3554.5822,3572.5056,3583.7718,11258726700,196317658324.1,-0.314367
2023-11-01,sh.000300,3605.7576,3606.4126,3564.6421,3571.0268,3572.5056,9764553800,182943566435.3,-0.041394
2023-11-02,sh.000300,3580.0672,3597.1699,3553.7406,3554.1889,3571.0268,9035964300,149465055433.9,-0.471514
2023-11-03,sh.000300,3558.5303,3596.101,3558.5303,3584.1364,3554.1889,9754210100,165865989200.0,0.842597
2023-11-06,sh.000300,3608.3187,3635.7897,3600.6304,3632.6084,3584.1364,15298246300,254465948110.4,1.352404
2023-11-07,sh.000300,3623.7849,3628.4615,3606.2975,3619.7593,3632.6084,11028859100,190433605311.0,-0.353716
2023-11-08,sh.000300,3610.6434,3627.0479,3591.8248,3611.0723,3619.7593,11059423000,192594372352.5,-0.239988
2023-11-09,sh.000300,3603.1082,3624.4141,3601.3744,3612.8263,3611.0723,11187205700,189355228591.7,0.048573
2023-11-10,sh.000300,3596.0688,3599.4519,3576.1011,3586.4893,3612.8263,10210703400,166924677328.0,-0.728986
2023-11-13,sh.000300,3593.9109,3599.3897,3562.7682,3579.4141,3586.4893,9670764900,164821249625.0,-0.197274
2023-11-14,sh.000300,3581.1034,3600.1483,3568.882,3582.0584,3579.4141,10088415800,165935163426.0,0.073875
2023-11-15,sh.000300,3616.8765,3620.6007,3596.9158,3607.2454,3582.0584,10492921800,188932150501.0,0.703143
2023-11-16,sh.000300,3600.9813,3605.2898,3572.3636,3572.3641,3607.2454,8746478000,146629217157.8,-0.966979
2023-11-17,sh.000300,3561.3112,3573.6819,3547.0287,3568.0685,3572.3641,8731920700,139621898705.2,-0.120245
2023-11-20,sh.000300,3569.7314,3586.9731,3545.1038,3576.3233,3568.0685,9108044500,157449634694.0,0.231352
2023-11-21,sh.000300,3587.8779,3615.0569,3575.682,3581.0674,3576.3233,10859431400,175922105929.9,0.132653
2023-11-22,sh.000300,3569.4389,3574.3782,3544.4162,3544.4162,3581.0674,8478438100,136041195538.9,-1.023471
2023-11-23,sh.000300,3541.4416,3562.0675,3529.939,3561.5204,3544.4162,8480016700,141499811491.0,0.482567
2023-11-24,sh.000300,3560.6462,3560.6462,3533.9955,3538.0087,3561.5204,8501840300,140101998555.3,-0.660159
2023-11-27,sh.000300,3534.4445,3534.4445,3492.8623,3511.9424,3538.0087,9910231400,155975437035.7,-0.736751
2023-11-28,sh.000300,3510.6554,3521.0463,3501.1093,3518.5232,3511.9424,8933578900,147740535862.4,0.187383
2023-11-29,sh.000300,3518.8836,3519.198,3482.2444,3488.3073,3518.5232,9884141200,155948235975.9,-0.858767
2023-11-30,sh.000300,3485.5171,3505.1273,3481.4515,3496.2028,3488.3073,10135082000,153790180653.3,0.226342
2023-12-01,sh.000300,3494.2234,3494.2234,3452.1728,3482.8813,3496.2028,10853094100,176078323469.4,-0.381028
2023-12-04,sh.000300,3481.0449,3488.133,3459.611,3460.138,3482.8813,9715682600,164664395292.9,-0.653002
2023-12-05,sh.000300,3450.0898,3450.0898,3393.8139,3394.2571,3460.138,10047200700,164840691112.1,-1.903996
2023-12-06,sh.000300,3387.8798,3420.2773,3382.9457,3399.598,3394.2571,10580551900,172142987724.9,0.157351
2023-12-07,sh.000300,3394.3064,3404.4074,3369.7675,3391.2823,3399.598,9771324800,160949948197.3,-0.244608
2023-12-08,sh.000300,3391.8585,3409.3845,3383.4479,3399.4618,3391.2823,12952205400,203034222561.1,0.241192
2023-12-11,sh.000300,3378.0517,3426.6106,3346.8902,3419.4548,3399.4618,13962624900,219761181423.1,0.588123
2023-12-12,sh.000300,3409.9976,3427.5456,3406.1013,3426.803,3419.4548,10559001300,166979964779.7,0.214894
2023-12-13,sh.000300,3418.6413,3418.6413,3369.605,3369.605,3426.803,9528536700,165455928375.6,-1.669136
2023-12-14,sh.000300,3387.3847,3399.1394,3350.7648,3351.9639,3369.605,8365513500,150245775736.4,-0.523536
2023-12-15,sh.000300,3365.9388,3388.5047,3339.519,3341.5517,3351.9639,9778778300,164907019372.1,-0.31063
2023-12-18,sh.000300,3329.191,3352.3458,3314.9095,3329.3657,3341.5517,9052682600,142303319418.9,-0.364681
2023-12-19,sh.000300,3325.6596,3345.7795,3313.1874,3334.0412,3329.3657,8380811800,135293655396.1,0.140432
2023-12-20,sh.000300,3334.332,3338.5434,3297.3652,3297.5022,3334.0412,9241286800,141290542802.3,-1.095937
2023-12-21,sh.000300,3285.6049,3339.3552,3283.9883,3330.8698,3297.5022,10254619800,171120780579.5,1.011905
2023-12-22,sh.000300,3329.4668,3359.0601,3315.8976,3337.2281,3330.8698,10522013300,167336342309.2,0.19089
2023-12-25,sh.000300,3330.3333,3348.882,3330.3333,3347.4508,3337.2281,7454269300,121838327071.1,0.306323
2023-12-26,sh.000300,3345.3952,3345.4171,3315.937,3324.7902,3347.4508,7473293500,121689997434.6,-0.676951
2023-12-27,sh.000300,3326.9267,3341.2659,3309.6731,3336.3572,3324.7902,9440392800,140924923674.8,0.347902
2023-12-28,sh.000300,3335.5572,3423.4018,3331.2082,3414.5403,3336.3572,14806485100,245855634464.3,2.343367
2023-12-29,sh.000300,3411.1094,3432.5412,3409.5795,3431.1099,3414.5403,11492893200,193573180515.1,0.485266
2024-01-02,sh.000300,3426.2684,3426.2684,3386.3522,3386.3522,3431.1099,11618072600,184096097448.7,-1.304467
2024-01-03,sh.000300,3379.7501,3392.8504,3362.6617,3378.2971,3386.3522,10561385100,165099018642.5,-0.23787
2024-01-04,sh.000300,3375.0207,3375.0207,3323.8647,3347.0519,3378.2971,10672101300,165512262698.6,-0.92488
2024-01-05,sh.000300,3341.3061,3372.5444,3313.5542,3329.1114,3347.0519,12640057400,182251664948.1,-0.536009
2024-01-08,sh.000300,3322.6051,3333.516,3283.3421,3286.0564,3329.1114,11742948500,170761644873.4,-1.293288
2024-01-09,sh.000300,3286.7083,3304.6008,3273.8431,3292.4994,3286.0564,10933046500,172276323045.2,0.196071
2024-01-10,sh.000300,3281.6692,3312.9161,3268.2471,3277.129,3292.4994,9419936600,159777649838.1,-0.466831
2024-01-11,sh.000300,3275.3086,3311.1137,3266.7911,3295.6717,3277.129,10878973500,180978533555.5,0.565821
2024-01-12,sh.000300,3284.358,3310.4704,3279.6987,3284.1667,3295.6717,9685355500,156536022291.9,-0.349094
2024-01-15,sh.000300,3270.1029,3306.9217,3261.2687,3280.9195,3284.1667,8885153000,144331722430.6,-0.098874
2024-01-16,sh.000300,3272.571,3300.8762,3260.4362,3300.8762,3280.9195,11327666500,175650587488.9,0.608265
2024-01-17,sh.000300,3291.1392,3291.1392,3229.082,3229.082,3300.8762,10876972800,173516385174.7,-2.175004
2024-01-18,sh.000300,3214.2844,3279.2538,3171.6329,3274.7286,3229.082,17490916800,256784536828.0,1.413609
2024-01-19,sh.000300,3261.2393,3286.9415,3251.8136,3269.7763,3274.7286,11850140800,191261807098.8,-0.151228
2024-01-22,sh.000300,3262.4685,3281.4205,3193.1776,3218.9016,3269.7763,14870562800,225510031844.3,-1.555908
2024-01-23,sh.000300,3208.4316,3249.5306,3188.1259,3231.9329,3218.9016,12201200000,193791168624.2,0.404837
2024-01-24,sh.000300,3245.9592,3281.4892,3190.4674,3277.1089,3231.9329,15437195400,219036341624.5,1.397801
2024-01-25,sh.000300,3274.3391,3344.2426,3269.7943,3342.9189,3277.1089,19683361400,265521114954.3,2.008173
2024-01-26,sh.000300,3326.6465,3351.9692,3315.1265,3333.8213,3342.9189,18066400500,238144899501.0,-0.272145
2024-01-29,sh.000300,3335.3936,3351.3715,3303.9604,3303.9604,3333.8213,18416479500,244698013593.3,-0.895696
2024-01-30,sh.000300,3283.8977,3300.204,3244.9719,3245.0387,3303.9604,14364935000,199592929911.7,-1.783366
2024-01-31,sh.000300,3231.5425,3252.1475,3201.9264,3215.3518,3245.0387,15314346900,215333349921.2,-0.91484
2024-02-01,sh.000300,3202.2564,3251.7582,3191.8968,3217.7109,3215.3518,14551679200,203815063232.5,0.07337
2024-02-02,sh.000300,3219.8734,3235.4079,3108.3515,3179.6276,3217.7109,17375808900,234495151557.0,-1.183553
2024-02-05,sh.000300,3164.25,3233.8485,3111.5184,3200.4218,3179.6276,20304297000,279713141507.2,0.653982
2024-02-06,sh.000300,3185.2498,3314.512,3182.8216,3311.6922,3200.4218,20271309900,285042020945.9,3.476742
2024-02-07,sh.000300,3314.0306,3343.6303,3289.6704,3343.6303,3311.6922,21664793300,297997664575.2,0.964404
2024-02-08,sh.000300,3351.4052,3367.2101,3336.9779,3364.9297,3343.6303,18997757800,270239765211.0,0.637014
2024-02-19,sh.000300,3393.1916,3403.8078,3364.1418,3403.8078,3364.9297,18331980000,267674145147.3,1.155391
2024-02-20,sh.000300,3395.1916,3415.8943,3380.103,3410.8542,3403.8078,14073458100,218459281946.0,0.207015
2024-02-21,sh.000300,3390.3619,3500.1338,3383.6911,3456.8713,3410.8542,18887936200,291823544608.2,1.349137
2024-02-22,sh.000300,3450.3518,3486.6826,3448.4135,3486.6747,3456.8713,14102078400,225098128872.7,0.86215
2024-02-23,sh.000300,3491.3367,3507.5592,3472.968,3489.7416,3486.6747,14482127300,232926057113.9,0.087961
2024-02-26,sh.000300,3485.5427,3492.6061,3445.3889,3453.3585,3489.7416,15124833100,238951637715.0,-1.042573
2024-02-27,sh.000300,3440.0516,3494.7874,3437.4422,3494.7874,3453.3585,13952824600,244488721250.8,1.19967
2024-02-28,sh.000300,3499.8257,3521.6574,3450.2598,3450.2598,3494.7874,18983754800,328300591256.4,-1.274115
2024-02-29,sh.000300,3437.8984,3516.0826,3437.8984,3516.0826,3450.2598,15594453200,281971899288.2,1.907764
2024-03-01,sh.000300,3515.0587,3544.3595,3503.459,3537.8038,3516.0826,16270957000,288575619224.5,0.617767
2024-03-04,sh.000300,3538.366,3548.6901,3519.7599,3540.8686,3537.8038,16324461300,297719931809.3,0.08663
2024-03-05,sh.000300,3524.9644,3570.6935,3519.0816,3565.5143,3540.8686,16642238900,299895929709.1,0.696035
2024-03-06,sh.000300,3556.5323,3577.3883,3545.1013,3551.0481,3565.5143,14307661300,248294165707.4,-0.405725
2024-03-07,sh.000300,3548.1007,3569.9185,3522.8964,3529.7195,3551.0481,14811051000,251839533036.1,-0.600628
2024-03-08,sh.000300,3529.5509,3548.5055,3511.577,3544.9099,3529.7195,12579266400,225379101014.0,0.430357
2024-03-11,sh.000300,3545.9427,3589.2635,3542.2789,3589.2635,3544.9099,14820282500,286418582154.6,1.251191
2024-03-12,sh.000300,3592.5826,3605.6976,3574.2117,3597.4939,3589.2635,18068556000,339997042337.1,0.229306
2024-03-13,sh.000300,3594.4211,3594.4211,3563.3685,3572.361,3597.4939,14459059000,266898756379.8,-0.698622
2024-03-14,sh.000300,3571.7885,3597.46,3545.612,3562.2229,3572.361,14096272200,263803609335.2,-0.283793
2024-03-15,sh.000300,3554.9068,3572.8091,3533.6798,3569.993,3562.2229,13831604400,243991558366.2,0.218125
2024-03-18,sh.000300,3577.0564,3604.0519,3573.404,3603.528,3569.993,16037943800,295314840611.0,0.939358
2024-03-19,sh.000300,3593.3396,3610.7389,3577.188,3577.6303,3603.528,14557178600,259553448413.4,-0.718676
2024-03-20,sh.000300,3568.7158,3589.5456,3568.4341,3585.3838,3577.6303,12952896600,223752103886.2,0.216722
2024-03-21,sh.000300,3593.07,3601.1145,3575.0331,3581.0902,3585.3838,13074337700,233162492629.6,-0.119753
2024-03-22,sh.000300,3571.2736,3575.7171,3522.8404,3545.0023,3581.0902,13922735800,248850931022.2,-1.007735
2024-03-25,sh.000300,3536.7136,3564.9604,3525.7634,3525.7634,3545.0023,13701572400,233747256235.1,-0.542705
2024-03-26,sh.000300,3526.6818,3547.6461,3518.6018,3543.7467,3525.7634,12620953500,226730734844.1,0.510054
2024-03-27,sh.000300,3538.7244,3542.9624,3502.7866,3502.7866,3543.7467,12862676300,216404726565.9,-1.155842
2024-03-28,sh.000300,3498.482,3551.2143,3489.3861,3520.9648,3502.7866,14333471700,232530806334.5,0.518964
2024-03-29,sh.000300,3516.883,3538.2378,3516.883,3537.4843,3520.9648,12864329000,201749384356.7,0.469175
2024-04-01,sh.000300,3551.5815,3600.9193,3551.5815,3595.6466,3537.4843,16277656100,251637272845.1,1.644171
2024-04-02,sh.000300,3593.2206,3596.1903,3568.7539,3580.6759,3595.6466,14127297200,220207515542.9,-0.416356
2024-04-03,sh.000300,3578.6835,3582.4324,3558.874,3567.8031,3580.6759,13559233100,214222897580.1,-0.359508
2024-04-08,sh.000300,3553.5554,3567.82,3535.7688,3536.4077,3567.8031,15530428300,243249251687.2,-0.879964
2024-04-09,sh.000300,3533.3849,3543.7141,3518.8601,3533.4871,3536.4077,12967094200,195893525574.7,-0.082587
2024-04-10,sh.000300,3528.9679,3531.2295,3490.0525,3504.7086,3533.4871,12879027400,199754768626.1,-0.81445
2024-04-11,sh.000300,3485.0294,3520.5893,3484.9252,3504.2447,3504.7086,12653439500,200293481885.7,-0.013236
2024-04-12,sh.000300,3505.7499,3516.6988,3470.0611,3475.8389,3504.2447,12892111600,208566204702.9,-0.810611
2024-04-15,sh.000300,3473.5047,3552.4125,3473.5047,3549.0759,3475.8389,18394125000,267472484531.0,2.107031
2024-04-16,sh.000300,3533.3636,3545.5034,3503.6158,3511.1146,3549.0759,17615306500,253315972272.3,-1.069611
2024-04-17,sh.000300,3509.1318,3565.9389,3498.0324,3565.403,3511.1146,16846639800,244987812753.2,1.546187
2024-04-18,sh.000300,3550.5562,3602.7902,3547.5996,3569.8018,3565.403,17857410500,261329927268.4,0.123375
2024-04-19,sh.000300,3550.6087,3560.9492,3529.3237,3541.6619,3569.8018,14728150500,226229520121.3,-0.788276
2024-04-22,sh.000300,3536.1844,3558.1642,3528.0186,3530.9045,3541.6619,15057904200,229511183118.0,-0.303739
2024-04-23,sh.000300,3525.6681,3533.7584,3499.9838,3506.2249,3530.9045,14311350400,213257232210.7,-0.69896
2024-04-24,sh.000300,3514.0108,3524.537,3495.6494,3521.6219,3506.2249,12173985100,195299919746.2,0.439133
2024-04-25,sh.000300,3510.6396,3543.9699,3505.1999,3530.2813,3521.6219,11518772200,184524622000.7,0.245892
2024-04-26,sh.000300,3531.9647,3588.4003,3531.9647,3584.2686,3530.2813,19721613300,308045062250.7,1.529263
2024-04-29,sh.000300,3584.5427,3645.8229,3578.7597,3623.9124,3584.2686,22272138100,358709708837.6,1.10605
2024-04-30,sh.000300,3619.2586,3630.7092,3604.3943,3604.3943,3623.9124,19129689900,286674161757.8,-0.538592
2024-05-06,sh.000300,3654.0485,3668.2565,3645.738,3657.8767,3604.3943,20801800700,333270472130.0,1.483811
2024-05-07,sh.000300,3657.0007,3665.684,3648.376,3659.0076,3657.8767,16483428600,247368347983.1,0.030917
2024-05-08,sh.000300,3650.7484,3650.9355,3628.6984,3630.2233,3659.0076,13003533600,199923460349.8,-0.78667
2024-05-09,sh.000300,3630.4142,3669.7593,3630.4142,3664.561,3630.2233,14655901700,232694927940.9,0.945884
2024-05-10,sh.000300,3669.0869,3674.6088,3641.7639,3666.2771,3664.561,15072053600,233730562074.5,0.04683
2024-05-13,sh.000300,3646.3491,3673.6211,3634.6049,3664.6907,3666.2771,15726745500,249688465072.9,-0.04327
2024-05-14,sh.000300,3668.2254,3675.776,3646.7092,3657.0454,3664.6907,13340649000,214643548213.8,-0.208621
2024-05-15,sh.000300,3651.0536,3656.5277,3624.002,3626.0559,3657.0454,12352276400,191480969435.1,-0.847392
2024-05-16,sh.000300,3636.6007,3657.4831,3626.334,3640.3592,3626.0559,15463050300,240288953464.0,0.394459
2024-05-17,sh.000300,3638.5613,3677.9696,3627.447,3677.9696,3640.3592,16457041700,247729525192.2,1.033151
2024-05-20,sh.000300,3682.0615,3703.0287,3677.4426,3690.9623,3677.9696,18460942300,279971341520.4,0.353257
2024-05-21,sh.000300,3682.2868,3684.6106,3665.1524,3676.1611,3690.9623,13067828300,196575354877.9,-0.401012
2024-05-22,sh.000300,3675.6471,3691.8804,3667.0885,3684.451,3676.1611,15191460500,230839373504.9,0.225504
2024-05-23,sh.000300,3672.8403,3674.3654,3633.5051,3641.7917,3684.451,14257299000,214205039030.7,-1.15782
2024-05-24,sh.000300,3630.827,3650.8734,3599.6678,3601.4754,3641.7917,12479117700,195344742155.9,-1.107046
2024-05-27,sh.000300,3606.645,3638.1514,3603.7131,3635.7079,3601.4754,13127264400,206143742535.6,0.950513
2024-05-28,sh.000300,3633.2535,3638.9703,3605.9213,3609.1724,3635.7079,12353223800,184381267979.1,-0.729858
2024-05-29,sh.000300,3609.0708,3633.1971,3602.8198,3613.5223,3609.1724,11590632100,179072813277.6,0.120523
2024-05-30,sh.000300,3607.0522,3624.0352,3586.7543,3594.3121,3613.5223,12260299500,193069647050.8,-0.53162
2024-05-31,sh.000300,3599.8196,3614.6439,3579.9247,3579.9247,3594.3121,11246201900,180707602931.7,-0.400282
2024-06-03,sh.000300,3577.3798,3600.6044,3567.8713,3588.7483,3579.9247,14105459100,222756928174.4,0.246474
2024-06-04,sh.000300,3583.8104,3622.5012,3580.2771,3615.6714,3588.7483,12454509600,195790966233.8,0.750209
2024-06-05,sh.000300,3610.3601,3623.3232,3594.1056,3594.7936,3615.6714,11090676600,182639598874.9,-0.577425
2024-06-06,sh.000300,3602.1554,3625.0109,3584.171,3592.2454,3594.7936,13789351700,226764072639.2,-0.070886
2024-06-07,sh.000300,3594.6335,3603.0698,3552.0853,3574.1143,3592.2454,13110302600,213001530097.8,-0.504729
2024-06-11,sh.000300,3555.8186,3565.3113,3525.8945,3542.8771,3574.1143,13452230600,219282337214.0,-0.873984
2024-06-12,sh.000300,3539.0947,3551.1706,3531.5657,3544.1225,3542.8771,12281372900,200722600631.1,0.035152
2024-06-13,sh.000300,3548.2162,3551.0771,3520.1802,3526.1306,3544.1225,12324546200,214792338449.3,-0.507655
2024-06-14,sh.000300,3514.7998,3547.1473,3503.5233,3541.5331,3526.1306,17151694200,283768816845.0,0.43681
2024-06-17,sh.000300,3521.4365,3540.7932,3520.7381,3536.1986,3541.5331,13743343800,232293851893.9,-0.150627
2024-06-18,sh.000300,3533.4875,3551.7085,3532.7845,3545.5902,3536.1986,12367183800,208824124156.0,0.265585
2024-06-19,sh.000300,3543.3599,3543.3599,3524.8449,3528.749,3545.5902,10664279700,184790298728.6,-0.47499
2024-06-20,sh.000300,3525.1687,3533.9865,3500.131,3503.2817,3528.749,11161739600,186515776574.7,-0.721709
2024-06-21,sh.000300,3496.3428,3505.5123,3473.8283,3495.6198,3503.2817,10918661500,182736735066.8,-0.218706
2024-06-24,sh.000300,3473.6392,3505.7752,3471.2164,3476.8102,3495.6198,11799018400,195787549313.6,-0.538091
2024-06-25,sh.000300,3475.1648,3483.2189,3440.6464,3457.9023,3476.8102,11844811800,190886336762.4,-0.543829
2024-06-26,sh.000300,3451.5389,3487.3964,3442.2982,3480.2648,3457.9023,10589886100,171538111702.3,0.646707
2024-06-27,sh.000300,3467.2888,3471.1423,3452.5775,3454.1175,3480.2648,11491810100,174112508796.1,-0.751302
2024-06-28,sh.000300,3443.6744,3484.678,3443.6744,3461.657,3454.1175,13540915300,205118806811.8,0.218276
2024-07-01,sh.000300,3458.2636,3479.9548,3443.8086,3478.1827,3461.657,12182977000,188018227774.8,0.477393
2024-07-02,sh.000300,3472.4527,3488.3189,3464.5237,3471.7857,3478.1827,12165012100,186104752421.9,-0.183918
2024-07-03,sh.000300,3471.5556,3478.7047,3454.9942,3463.4141,3471.7857,10385710800,163035359363.1,-0.241132
2024-07-04,sh.000300,3468.2958,3483.3098,3444.928,3445.8128,3463.4141,10442990900,159477153569.5,-0.508207
2024-07-05,sh.000300,3443.3588,3451.0386,3399.6693,3431.0605,3445.8128,11660965900,181416567402.8,-0.428123
2024-07-08,sh.000300,3420.8033,3428.0418,3395.9123,3401.7604,3431.0605,11552821800,177559765827.5,-0.853966
2024-07-09,sh.000300,3396.8044,3448.9279,3384.8086,3439.8111,3401.7604,13162944300,215048837819.8,1.118559
2024-07-10,sh.000300,3425.8818,3447.505,3423.6483,3428.9657,3439.8111,12720345600,198149476849.1,-0.315291
2024-07-11,sh.000300,3451.0442,3473.9837,3438.118,3468.169,3428.9657,14589246600,237551298481.6,1.143298
2024-07-12,sh.000300,3459.9564,3479.0958,3457.3633,3472.4014,3468.169,13087458900,205055553856.4,0.122036
2024-07-15,sh.000300,3462.6113,3481.4613,3460.7915,3476.2467,3472.4014,11851708300,171584915379.5,0.110739
2024-07-16,sh.000300,3466.8523,3500.2943,3464.3655,3498.2827,3476.2467,12065901700,200456285077.5,0.633902
2024-07-17,sh.000300,3494.209,3514.4753,3486.2229,3501.5836,3498.2827,13180206200,222830802528.4,0.094358
2024-07-18,sh.000300,3483.2975,3522.7995,3475.7236,3520.931,3501.5836,12376819900,215783795702.6,0.552533
2024-07-19,sh.000300,3500.8052,3545.3383,3493.0734,3539.0156,3520.931,13244797500,228065104129.0,0.513631
2024-07-22,sh.000300,3538.4012,3540.1874,3494.0143,3514.9249,3539.0156,13212633700,217457320403.9,-0.680718
2024-07-23,sh.000300,3509.7887,3509.7887,3439.8779,3439.8779,3514.9249,12889766000,202857560168.7,-2.135095
2024-07-24,sh.000300,3432.3459,3451.4196,3408.4129,3418.1663,3439.8779,12703626300,184884499786.8,-0.631174
2024-07-25,sh.000300,3404.611,3415.8557,3383.7991,3399.2716,3418.1663,13102224200,190131464834.7,-0.552773
2024-07-26,sh.000300,3403.7084,3420.8201,3388.6601,3409.2931,3399.2716,12419555800,187853329477.8,0.294813
2024-07-29,sh.000300,3404.3663,3408.5024,3388.8444,3390.742,3409.2931,10978778600,166697103823.1,-0.544133
2024-07-30,sh.000300,3380.6893,3380.6893,3352.8043,3369.3821,3390.742,10495216400,165442824490.2,-0.629948
2024-07-31,sh.000300,3364.0268,3445.0042,3364.0268,3442.0844,3369.3821,17195917700,258249147336.4,2.157734
2024-08-01,sh.000300,3443.1397,3448.3361,3419.1872,3419.2666,3442.0844,13632346400,206038002517.7,-0.662906
2024-08-02,sh.000300,3393.9167,3419.1023,3380.9645,3384.3919,3419.2666,11661525500,179671192427.6,-1.019947
2024-08-05,sh.000300,3362.1117,3409.0314,3343.3205,3343.3205,3384.3919,14281251600,223631266563.2,-1.213553
2024-08-06,sh.000300,3367.3517,3376.7956,3318.6251,3342.9789,3343.3205,11934027900,181724693847.5,-0.010217
2024-08-07,sh.000300,3338.5909,3362.3839,3329.9658,3341.489,3342.9789,9508437700,145078975325.5,-0.044568
2024-08-08,sh.000300,3332.4281,3364.7855,3320.8432,3342.9369,3341.489,9249569500,149482926226.5,0.043331
2024-08-09,sh.000300,3358.128,3366.6688,3331.6274,3331.6274,3342.9369,9151162600,142852166559.2,-0.33831
2024-08-12,sh.000300,3327.5561,3338.0771,3319.8908,3325.8645,3331.6274,7993875400,117544892726.5,-0.172976
2024-08-13,sh.000300,3328.0138,3335.014,3310.1909,3334.3903,3325.8645,8448967900,125259155343.0,0.256348
2024-08-14,sh.000300,3332.7866,3332.7866,3309.1,3309.2389,3334.3903,7874240700,118181952004.2,-0.754303
2024-08-15,sh.000300,3301.4455,3356.7644,3297.9711,3341.953,3309.2389,10476639900,149249335425.5,0.988569
2024-08-16,sh.000300,3342.0346,3356.9071,3335.6239,3345.634,3341.953,9651908300,135885323083.0,0.110145
2024-08-19,sh.000300,3344.2614,3375.9621,3343.7116,3356.9677,3345.634,10557111000,143421671337.3,0.338761
2024-08-20,sh.000300,3361.6394,3362.3338,3321.6397,3332.7034,3356.9677,10166833100,137910585091.6,-0.722804
2024-08-21,sh.000300,3322.9134,3339.443,3307.9917,3321.635,3332.7034,8995475100,130005992563.3,-0.332115
2024-08-22,sh.000300,3322.8723,3327.6962,3305.2453,3313.1357,3321.635,10036650400,147702791560.6,-0.255877
2024-08-23,sh.000300,3305.9307,3336.2414,3305.6403,3327.1905,3313.1357,8952577400,132680886499.7,0.424214
2024-08-26,sh.000300,3330.7184,3336.5271,3311.5701,3324.2231,3327.1905,9399077200,139070603958.0,-0.089186
2024-08-27,sh.000300,3315.686,3320.5667,3299.5635,3305.3338,3324.2231,9580815700,129755962864.4,-0.568232
2024-08-28,sh.000300,3298.9089,3305.3496,3274.5881,3286.4956,3305.3338,9269665000,135982310964.6,-0.569933
2024-08-29,sh.000300,3273.541,3290.7857,3269.5288,3277.6812,3286.4956,13070233300,174340106392.6,-0.268201
2024-08-30,sh.000300,3273.7532,3351.6254,3273.6496,3321.4323,3277.6812,18869544300,268376041210.9,1.334819
2024-09-02,sh.000300,3307.5432,3307.7627,3264.7565,3265.011,3321.4323,14761235300,194409996348.3,-1.698704
2024-09-03,sh.000300,3261.741,3281.5935,3261.1877,3273.4282,3265.011,12289730600,155089488535.3,0.2578
2024-09-04,sh.000300,3253.898,3272.9861,3249.9809,3252.1649,3273.4282,10483248200,140070063076.9,-0.649573
2024-09-05,sh.000300,3252.96,3266.882,3247.1725,3257.7578,3252.1649,9710945000,134618198893.7,0.171975
2024-09-06,sh.000300,3261.1542,3274.8144,3231.0685,3231.3457,3257.7578,8840041700,121541545905.7,-0.810745
2024-09-09,sh.000300,3214.7996,3222.9278,3180.9277,3192.9516,3231.3457,10867306900,146516054460.5,-1.188177
2024-09-10,sh.000300,3193.4557,3205.0972,3171.7932,3195.7552,3192.9516,9729007800,133610476131.5,0.087806
2024-09-11,sh.000300,3187.0508,3197.3363,3174.0343,3186.1299,3195.7552,10248211000,141513837135.3,-0.30119
2024-09-12,sh.000300,3189.4271,3201.5544,3171.8775,3172.4747,3186.1299,9286865700,136387244637.1,-0.428583
2024-09-13,sh.000300,3174.0344,3188.9145,3159.247,3159.247,3172.4747,8833667700,137448911397.4,-0.416952
2024-09-18,sh.000300,3158.8179,3179.9012,3145.7908,3171.0102,3159.247,8472281400,123452147968.9,0.372342
2024-09-19,sh.000300,3178.3959,3213.8378,3149.7925,3196.0357,3171.0102,12543927200,181785109712.7,0.789196
2024-09-20,sh.000300,3192.4322,3207.9875,3173.2238,3201.0497,3196.0357,11806409800,163985054956.9,0.156882
2024-09-23,sh.000300,3200.8678,3230.1613,3198.0248,3212.7639,3201.0497,9534485500,143876166860.9,0.365949
2024-09-24,sh.000300,3244.6468,3351.9684,3222.4885,3351.909,3212.7639,20407221700,307879526847.5,4.331009
2024-09-25,sh.000300,3403.7021,3465.4882,3393.438,3401.533,3351.909,24156425500,356862584939.5,1.48047
2024-09-26,sh.000300,3399.3188,3545.3249,3391.6772,3545.3204,3401.533,24313401000,373983643044.8,4.227135
2024-09-27,sh.000300,3617.9203,3708.4951,3596.5833,3703.6849,3545.3204,26548777400,466692757481.8,4.46686
2024-09-30,sh.000300,3846.6515,4038.6968,3796.5045,4017.8545,3703.6849,51021770700,862528807419.2,8.482622
2024-10-08,sh.000300,4450.3675,4450.3675,4094.3519,4256.0962,4017.8545,58986789400,1130387437130.1,5.929575
2024-10-09,sh.000300,4168.8436,4197.6,3942.5118,3955.9839,4256.0962,48226929500,1029032062193.4,-7.051351
2024-10-10,sh.000300,3979.6116,4098.4967,3912.7708,3997.7879,3955.9839,39505309900,717952217512.6,1.056728
2024-10-11,sh.000300,3969.7576,3978.2389,3847.1228,3887.167,3997.7879,27409650500,484998267295.6,-2.767053
2024-10-14,sh.000300,3915.2186,3979.5431,3868.779,3961.3424,3887.167,30757899300,534076602215.5,1.908212
2024-10-15,sh.000300,3942.5342,3967.8712,3855.9949,3855.9949,3961.3424,24248644800,434410916723.5,-2.659389
2024-10-16,sh.000300,3806.1373,3877.7483,3805.0868,3831.589,3855.9949,21886640700,377301324426.4,-0.632934
2024-10-17,sh.000300,3853.841,3882.0733,3787.7498,3788.2217,3831.589,21231382000,369170521634.5,-1.131836
2024-10-18,sh.000300,3780.3143,3998.214,3765.1615,3925.234,3788.2217,31295883400,620673701894.1,3.616797
2024-10-21,sh.000300,3946.9016,3979.2638,3896.165,3935.1974,3925.234,29118563400,600109598949.1,0.253829
2024-10-22,sh.000300,3923.7443,3965.9084,3917.5218,3957.7755,3935.1974,22343339600,442881846813.7,0.573748
2024-10-23,sh.000300,3955.3191,4012.1795,3939.0986,3973.2089,3957.7755,24587394900,469120806272.1,0.389951
2024-10-24,sh.000300,3950.8987,3957.9832,3914.0887,3928.8334,3973.2089,17472406200,340486884485.3,-1.116868
2024-10-25,sh.000300,3931.3205,3992.8918,3921.9396,3956.421,3928.8334,21069488500,412231378430.4,0.702183
2024-10-28,sh.000300,3953.1063,3964.1569,3917.2042,3964.1569,3956.421,21616041500,390450182338.0,0.195528
2024-10-29,sh.000300,3970.008,3991.3091,3921.5795,3924.649,3964.1569,21729398400,429625020404.8,-0.996628
2024-10-30,sh.000300,3904.1595,3926.0581,3864.3051,3889.4487,3924.649,21943662600,385010582233.2,-0.896903
2024-10-31,sh.000300,3888.4229,3923.8997,3859.1079,3891.0396,3889.4487,30063671800,515533818945.0,0.040903
2024-11-01,sh.000300,3882.4579,3933.2204,3879.9588,3890.0203,3891.0396,30798648100,476472952028.3,-0.026196
2024-11-04,sh.000300,3897.7144,3944.7619,3891.2109,3944.7619,3890.0203,22923906000,381048606068.1,1.407232
2024-11-05,sh.000300,3937.6228,4046.6977,3925.4138,4044.5725,3944.7619,31686279400,580971852723.7,2.530206
2024-11-06,sh.000300,4051.2891,4091.7031,4002.5027,4024.2831,4044.5725,33580793800,639124093911.8,-0.501645
2024-11-07,sh.000300,3987.2665,4146.151,3984.6652,4145.6952,4024.2831,34143641400,658145920948.1,3.016987
2024-11-08,sh.000300,4192.0794,4200.908,4094.1631,4104.047,4145.6952,33235038500,688446559772.2,-1.004613
2024-11-11,sh.000300,4066.9336,4132.5111,4048.039,4131.1312,4104.047,28959422700,625605935910.0,0.659939
2024-11-12,sh.000300,4133.3528,4181.7096,4060.7936,4085.743,4131.1312,29777808600,660380524820.6,-1.098687
2024-11-13,sh.000300,4059.5898,4121.0735,4059.5898,4110.8901,4085.743,24048409900,512734303119.4,0.615484
2024-11-14,sh.000300,4101.2228,4118.1686,4034.9441,4039.6191,4110.8901,23015278400,464157560755.1,-1.733712
2024-11-15,sh.000300,4025.6482,4049.071,3968.8308,3968.8308,4039.6191,24739946300,474079686588.2,-1.752351
2024-11-18,sh.000300,3982.1036,4034.0596,3931.1872,3950.3806,3968.8308,30677794600,472408054830.7,-0.464877
2024-11-19,sh.000300,3954.6038,3979.1505,3896.7493,3976.8912,3950.3806,24294646500,402610970340.1,0.67109
2024-11-20,sh.000300,3966.1238,4001.0847,3958.3383,3985.7727,3976.8912,18459937200,347577693099.5,0.223328
2024-11-21,sh.000300,3979.4554,3999.5693,3966.0658,3989.2979,3985.7727,16612592700,324235010779.0,0.088445
2024-11-22,sh.000300,3984.2435,3990.2647,3865.6989,3865.6989,3989.2979,21628580900,397566831847.8,-3.098264
2024-11-25,sh.000300,3875.6126,3889.7069,3812.3179,3848.0909,3865.6989,19070295300,349006773180.1,-0.455493
2024-11-26,sh.000300,3836.259,3875.229,3833.2842,3840.1847,3848.0909,14989244100,264403254830.0,-0.205458
2024-11-27,sh.000300,3829.3442,3907.164,3817.9125,3907.0447,3840.1847,17413609600,320632355477.0,1.741062
2024-11-28,sh.000300,3904.2525,3908.3918,3866.0136,3872.5505,3907.0447,15011729100,286432871223.5,-0.882872
2024-11-29,sh.000300,3869.8903,3962.7002,3869.8903,3916.5832,3872.5505,18765671300,375262017919.2,1.137047
2024-12-02,sh.000300,3909.7029,3955.1252,3902.1697,3947.632,3916.5832,19728978400,368591235990.8,0.792752
2024-12-03,sh.000300,3946.7034,3963.9474,3922.8425,3951.8912,3947.632,18249686700,327295048700.8,0.107893
2024-12-04,sh.000300,3948.13,3957.365,3917.7467,3930.5568,3951.8912,17462631800,312040419081.5,-0.539853
2024-12-05,sh.000300,3916.5638,3936.3358,3910.0834,3921.5881,3930.5568,13853403800,257716297996.5,-0.228179
2024-12-06,sh.000300,3923.8954,3995.1168,3923.8954,3973.1405,3921.5881,19205790700,351751735425.0,1.31458
2024-12-09,sh.000300,3970.6628,3995.5116,3948.4206,3966.5708,3973.1405,17595995800,308227216702.9,-0.165353
2024-12-10,sh.000300,4094.05,4098.3804,3988.9676,3995.6369,3966.5708,25346379500,487278042807.0,0.732777
2024-12-11,sh.000300,3988.0179,4005.3253,3977.3522,3988.8308,3995.6369,17725284600,310713317895.4,-0.170338
2024-12-12,sh.000300,3987.1525,4031.7441,3981.3485,4028.5048,3988.8308,18162177700,333667518401.4,0.994627
2024-12-13,sh.000300,4000.9854,4000.9854,3931.7392,3933.1808,4028.5048,23035307900,421478609274.0,-2.366238
2024-12-16,sh.000300,3930.7807,3938.7595,3901.6465,3911.8416,3933.1808,17851125100,327619081581.3,-0.542543
2024-12-17,sh.000300,3908.1263,3955.945,3908.1263,3922.0334,3911.8416,16093909000,306037370846.7,0.260537
2024-12-18,sh.000300,3934.5425,3956.1441,3933.9693,3941.89,3922.0334,15773832100,276825381224.3,0.506283
2024-12-19,sh.000300,3911.8901,3954.3491,3899.7479,3945.4635,3941.89,16108104000,321771606933.4,0.090654
2024-12-20,sh.000300,3937.4722,3958.6336,3923.2562,3927.7441,3945.4635,15498649600,332143276397.7,-0.449108
2024-12-23,sh.000300,3928.1493,3965.8502,3928.1493,3933.5718,3927.7441,19006736200,354063425208.7,0.148373
2024-12-24,sh.000300,3934.9422,3985.8588,3934.7338,3983.6882,3933.5718,16149458900,310384873294.2,1.274069
2024-12-25,sh.000300,3987.9557,4007.7626,3969.4766,3985.6291,3983.6882,15939074700,299295145793.1,0.048721
2024-12-26,sh.000300,3981.7317,3991.5331,3965.5461,3987.4801,3985.6291,14342528600,305769929402.7,0.046442
2024-12-27,sh.000300,3987.0189,4007.1314,3970.9365,3981.0307,3987.4801,16926866600,345011075199.0,-0.161741
2024-12-30,sh.000300,3976.7004,4005.778,3976.7004,3999.0549,3981.0307,16461248500,322699390191.8,0.452752
2024-12-31,sh.000300,3995.8705,4004.3462,3934.9109,3934.9109,3999.0549,18392839700,347880439530.4,-1.603979
2025-01-02,sh.000300,3931.8155,3934.2034,3796.3389,3820.3952,3934.9109,21789872400,388636586639.3,-2.910249
2025-01-03,sh.000300,3825.2426,3835.9353,3767.6653,3775.1648,3820.3952,17534267600,304322755435.9,-1.183919
2025-01-06,sh.000300,3775.9902,3788.8489,3743.0727,3768.9697,3775.1648,15094667000,262803541116.2,-0.164101
2025-01-07,sh.000300,3760.866,3797.602,3749.0581,3796.1055,3768.9697,14645577900,266855795347.4,0.719979
2025-01-08,sh.000300,3781.261,3810.7355,3731.1887,3789.2153,3796.1055,16916696800,300965725432.7,-0.181507
2025-01-09,sh.000300,3780.7341,3795.2608,3768.681,3779.8773,3789.2153,12979400200,251486002819.8,-0.246436
2025-01-10,sh.000300,3778.8928,3786.8069,3732.4806,3732.4806,3779.8773,13752317100,275354209064.3,-1.253922
2025-01-13,sh.000300,3704.4442,3737.8852,3704.1073,3722.513,3732.4806,13644619900,247861953196.7,-0.26705
2025-01-14,sh.000300,3728.5561,3826.6399,3718.8768,3820.5395,3722.513,17066465700,345461480063.6,2.633342
2025-01-15,sh.000300,3810.0353,3816.8284,3790.1655,3796.026,3820.5395,14147552000,278850595531.7,-0.641624
2025-01-16,sh.000300,3812.1935,3842.947,3776.2861,3800.3836,3796.026,14450587100,305734630771.3,0.114794
2025-01-17,sh.000300,3788.3729,3831.6404,3780.2133,3812.3429,3800.3836,12662196100,265437489593.6,0.314687
2025-01-20,sh.000300,3835.3042,3858.6677,3821.9815,3829.6764,3812.3429,13958127700,292175449108.6,0.454668
2025-01-21,sh.000300,3850.3563,3850.9106,3817.1214,3832.6145,3829.6764,14121840600,285073351693.4,0.076719
2025-01-22,sh.000300,3823.9447,3823.9447,3783.1438,3797.0166,3832.6145,13725506200,298745637551.4,-0.928815
2025-01-23,sh.000300,3829.0462,3864.2585,3801.8531,3803.7439,3797.0166,18056955100,345198071113.9,0.177173
2025-01-24,sh.000300,3793.8498,3847.6003,3793.4836,3832.8637,3803.7439,14897172200,296474375469.1,0.765556
2025-01-27,sh.000300,3836.9578,3851.9969,3817.0802,3817.0802,3832.8637,14667077200,282940127540.6,-0.411794
2025-02-05,sh.000300,3844.6998,3844.6998,3785.162,3795.0848,3817.0802,15716830800,346016202025.2,-0.576236
2025-02-06,sh.000300,3789.6086,3843.4942,3788.3196,3842.8314,3795.0848,16728817600,371891971101.4,1.258117
2025-02-07,sh.000300,3844.0574,3919.3499,3833.8685,3892.7028,3842.8314,22185770700,487381557078.2,1.297777
2025-02-10,sh.000300,3898.1023,3906.3678,3878.8314,3901.0618,3892.7028,18890304000,384968342874.3,0.214735
2025-02-11,sh.000300,3905.1594,3905.1594,3872.9087,3883.1352,3901.0618,16657490900,337866056115.9,-0.459531
2025-02-12,sh.000300,3875.9596,3920.7229,3867.3538,3919.8617,3883.1352,16422854000,354830596297.9,0.945795
2025-02-13,sh.000300,3913.9044,3939.1978,3904.9845,3905.1398,3919.8617,17248587400,376473453306.6,-0.375572
2025-02-14,sh.000300,3900.8274,3942.0356,3900.8274,3939.0085,3905.1398,17297645200,360974236854.4,0.867285
2025-02-17,sh.000300,3954.4147,3955.8959,3921.7017,3947.3983,3939.0085,21358824600,430929575563.2,0.212993
2025-02-18,sh.000300,3942.5761,3965.4232,3901.8675,3912.7829,3947.3983,20942510100,400186229940.7,-0.876917
2025-02-19,sh.000300,3906.2201,3943.6742,3904.1455,3940.1602,3912.7829,18282951700,363680372562.7,0.699689
2025-02-20,sh.000300,3934.6503,3940.678,3916.1772,3928.8959,3940.1602,16389523600,325972429362.6,-0.285884
2025-02-21,sh.000300,3938.0518,3981.048,3927.7874,3978.444,3928.8959,22740033000,504645493577.1,1.26112
2025-02-24,sh.000300,3972.4831,3995.9456,3949.2309,3969.7169,3978.444,22081061800,455088749684.5,-0.21936
2025-02-25,sh.000300,3933.636,3955.4336,3915.6527,3925.6505,3969.7169,17810858000,377981451250.4,-1.110064
2025-02-26,sh.000300,3931.842,3960.3298,3925.3664,3959.9413,3925.6505,19106250100,386458193762.6,0.873506
2025-02-27,sh.000300,3961.0635,3973.9323,3933.4611,3968.1159,3959.9413,20288796300,428272792667.6,0.206432
2025-02-28,sh.000300,3950.1866,3972.4813,3886.3994,3890.0487,3968.1159,19810414700,420308043450.1,-1.967362
2025-03-03,sh.000300,3899.6962,3930.0048,3872.5872,3888.4738,3890.0487,17762316600,356057735014.0,-0.040485
2025-03-04,sh.000300,3865.9939,3890.4235,3855.7254,3885.2208,3888.4738,14985096700,297739246802.3,-0.083658
2025-03-05,sh.000300,3887.7992,3906.4214,3877.0188,3902.5706,3885.2208,15865275100,290860484504.9,0.446559
2025-03-06,sh.000300,3923.3827,3964.4942,3917.0833,3956.2369,3902.5706,19396091500,397419427642.7,1.375153
2025-03-07,sh.000300,3944.9145,3967.0743,3935.0464,3944.0143,3956.2369,16673237500,340626700285.5,-0.308945
2025-03-10,sh.000300,3945.5795,3949.1448,3905.127,3928.8018,3944.0143,15276523200,292574987480.9,-0.385711
2025-03-11,sh.000300,3890.4305,3941.4157,3889.4298,3941.4157,3928.8018,14475440200,287480453119.8,0.321062
2025-03-12,sh.000300,3946.8623,3953.6125,3921.4736,3927.2315,3941.4157,15673219000,309627267364.8,-0.359876
2025-03-13,sh.000300,3925.7439,3939.2854,3897.3758,3911.5793,3927.2315,15653644300,295173112579.6,-0.398556
2025-03-14,sh.000300,3919.6159,4014.1586,3919.6159,4006.5567,3911.5793,21613900300,450895278803.0,2.428109
2025-03-17,sh.000300,4020.6402,4021.7278,3992.2563,3996.7876,4006.5567,16220291100,318904417418.3,-0.243828
2025-03-18,sh.000300,4011.7794,4016.873,3995.9602,4007.7229,3996.7876,14020849600,292739319544.6,0.273602
2025-03-19,sh.000300,4004.8251,4025.299,3989.512,4010.168,4007.7229,14441942800,286075300795.3,0.06101
2025-03-20,sh.000300,4011.0588,4012.0416,3969.9259,3974.9918,4010.168,13375467000,260020676825.8,-0.877175
2025-03-21,sh.000300,3966.5146,3983.1476,3904.7674,3914.6956,3974.9918,16590529400,309348613935.4,-1.516889
2025-03-24,sh.000300,3916.1136,3938.1826,3907.1999,3934.8486,3914.6956,15223467400,266051442612.7,0.514804
2025-03-25,sh.000300,3937.8975,3946.3574,3921.5287,3932.2951,3934.8486,14047539900,239246310985.8,-0.064894
2025-03-26,sh.000300,3930.2073,3942.026,3916.8607,3919.3566,3932.2951,13116418700,220943164486.2,-0.329032
2025-03-27,sh.000300,3911.3841,3952.9852,3903.652,3932.4117,3919.3566,12679373800,232173613774.0,0.333093
2025-03-28,sh.000300,3930.7763,3934.2336,3907.384,3915.1662,3932.4117,12635621400,213379194289.3,-0.438548
2025-03-31,sh.000300,3905.9815,3928.4482,3872.403,3887.3056,3915.1662,16679852300,268480316572.3,-0.711607
2025-04-01,sh.000300,3892.7794,3905.2622,3882.4045,3887.6841,3887.3056,14038027400,246041674670.2,0.009737
2025-04-02,sh.000300,3884.4181,3900.4949,3877.1599,3884.3858,3887.6841,11304317500,198267515342.4,-0.08484
2025-04-03,sh.000300,3843.4177,3883.7025,3843.4177,3861.5034,3884.3858,14259978900,263684681545.1,-0.589087
2025-04-07,sh.000300,3675.2017,3707.7771,3514.1165,3589.4406,3861.5034,31257858600,512971787744.6,-7.045515
2025-04-08,sh.000300,3597.9859,3650.759,3583.8746,3650.759,3589.4406,28019731200,464021087837.5,1.7083
2025-04-09,sh.000300,3606.1036,3686.7943,3587.3368,3686.7943,3650.759,26230570800,455031069289.8,0.987063
2025-04-10,sh.000300,3749.1262,3756.1386,3708.8194,3735.1151,3686.7943,22725222700,403842564855.5,1.310645
2025-04-11,sh.000300,3730.3148,3762.3653,3708.4617,3750.5167,3735.1151,16875969100,318535141904.4,0.412346
2025-04-14,sh.000300,3772.0407,3776.6344,3754.033,3759.1422,3750.5167,16446240300,292571297039.1,0.229982
2025-04-15,sh.000300,3756.4788,3764.486,3737.8495,3761.2348,3759.1422,13400604000,228604621375.8,0.055667
2025-04-16,sh.000300,3757.8757,3775.1661,3721.6025,3772.8204,3761.2348,15635900600,261711094768.5,0.308027
2025-04-17,sh.000300,3755.0862,3779.1253,3749.504,3772.2221,3772.8204,12237100200,209012323066.2,-0.015858
2025-04-18,sh.000300,3760.0425,3782.0443,3754.4072,3772.523,3772.2221,10294850900,173109384097.2,0.007977
2025-04-21,sh.000300,3768.1421,3790.1782,3763.1383,3784.8806,3772.523,12135573000,208085677382.1,0.327569
2025-04-22,sh.000300,3780.1122,3799.2295,3778.0791,3783.9522,3784.8806,12568825700,210200698793.7,-0.024529
2025-04-23,sh.000300,3803.4295,3807.9536,3780.5183,3786.8824,3783.9522,13198687000,247117386122.1,0.077438
2025-04-24,sh.000300,3787.459,3807.2599,3775.207,3784.3574,3786.8824,11716456000,205483051375.0,-0.066678
2025-04-25,sh.000300,3792.0838,3801.5765,3780.7772,3786.9937,3784.3574,12459113300,220535052619.3,0.069663
2025-04-28,sh.000300,3786.3867,3792.0082,3772.8029,3781.6188,3786.9937,12514509100,210635318523.2,-0.141931
2025-04-29,sh.000300,3776.0025,3785.3157,3768.0311,3775.0767,3781.6188,11151469400,197462744362.5,-0.172997
2025-04-30,sh.000300,3775.8306,3787.5639,3768.7573,3770.5705,3775.0767,14368165800,244820462217.6,-0.119367
2025-05-06,sh.000300,3794.3757,3809.0939,3782.777,3808.5424,3770.5705,15852045900,267937090757.4,1.00706
2025-05-07,sh.000300,3861.5767,3863.6776,3814.9868,3831.627,3808.5424,16117229900,286010735453.4,0.606127
2025-05-08,sh.000300,3820.5481,3867.3313,3816.2642,3852.8963,3831.627,12495983300,246987280587.7,0.555098
2025-05-09,sh.000300,3848.6187,3853.6632,3836.5349,3846.1566,3852.8963,11938952600,216697939671.7,-0.174926
2025-05-12,sh.000300,3866.5305,3890.7342,3859.0346,3890.6096,3846.1566,15333246000,296122947807.8,1.155777
2025-05-13,sh.000300,3915.5924,3915.5924,3890.6855,3896.2583,3890.6096,14732029900,267586397719.9,0.145188
2025-05-14,sh.000300,3894.8386,3960.5228,3890.6504,3943.2108,3896.2583,17203377900,319465226850.5,1.205066
2025-05-15,sh.000300,3934.0273,3936.4653,3904.9068,3907.1992,3943.2108,13808174900,241464943553.6,-0.913256
2025-05-16,sh.000300,3898.6662,3903.8528,3874.8619,3889.0854,3907.1992,11840534500,208835664039.2,-0.463601
2025-05-19,sh.000300,3882.5677,3885.5889,3866.5695,3877.1453,3889.0854,9864341400,184888170553.8,-0.307016
2025-05-20,sh.000300,3883.1024,3911.4737,3881.7436,3898.1705,3877.1453,10488523400,201636702521.8,0.542286
2025-05-21,sh.000300,3899.4365,3928.6339,3899.4365,3916.3807,3898.1705,10979134300,217037739435.0,0.467147
2025-05-22,sh.000300,3912.6007,3923.0195,3903.0898,3913.8651,3916.3807,10759705200,197511410270.8,-0.064233
2025-05-23,sh.000300,3910.3739,3931.5514,3882.2741,3882.2741,3913.8651,12027741900,232945378294.8,-0.807156
