date,open,high,low,close,volume,turnover,amplitude,pct_chg,chg_amount,turnover_rate
2022-01-01,109.8871848567207,110.1256322304595,109.16535405657565,109.64680159541624,474616,52040126.38601007,0.8757922346218208,,,0.000474616
2022-01-02,119.86245948122591,120.20468490852143,119.41945463072581,119.87730247263245,383148,45930748.68778418,0.6550283177875853,9.330414319758784,10.230500877216215,0.000383148
2022-01-03,129.97021843558028,130.18516549332705,129.24858168027262,129.87016663494393,421439,54732353.15646414,0.721169331896754,8.335910098237997,9.992864162311477,0.000421439
2022-01-04,139.99167624598303,140.38979257415076,139.92932438981242,140.26316878479994,182485,25595924.35569422,0.32828873632879096,8.002609389937888,10.393002149856017,0.000182485
2022-01-05,150.2388197323288,150.40033210380113,149.79447266452877,150.13902999028315,467677,70216571.12876566,0.40353227226229943,7.040951157060582,9.875861205483204,0.000467677
2022-01-06,159.88580366610913,159.90357527713837,159.3534135592664,159.59221694628286,392737,62677768.506832294,0.3447296668967045,6.296288817512341,9.453186955999712,0.000392737
2022-01-07,170.13248380379744,170.1912548691453,169.86693210554796,170.13506833037263,125975,21432765.23291869,0.190626639634081,6.606118760564872,10.542851384089772,0.000125975
2022-01-08,179.74778103401167,179.76417353847722,179.48208236164982,179.8160609712684,487843,87722006.63240649,0.1568776311213272,5.690180593513472,9.680992640895766,0.000487843
2022-01-09,190.1097781331593,190.39820833938734,189.56904967683366,190.0562614341859,358311,68099249.09074458,0.4362701109117671,5.694819699422582,10.2402004629175,0.000358311
2022-01-10,199.84536817858373,200.55649605429633,199.7399391905483,200.1465306821463,388872,77831381.6794276,0.4079795242840342,5.309095933918773,10.090269247960407,0.000388872
2022-01-11,209.88804052198532,210.81138276973056,209.4604943615685,210.0155540672168,235235,49403008.861001745,0.6432325520659784,4.9308990525264385,9.869023385070506,0.000235235
2022-01-12,220.14325356627046,220.15292835000062,219.2757514606646,219.99300014966542,320717,70555495.02900024,0.39872945445503605,4.750812922768222,9.977446082448608,0.000320717
2022-01-13,230.42574325950864,231.35620906633656,229.74191353890018,230.42181331268011,120046,27661217.000933997,0.7005827721899749,4.740520451068786,10.428813163014695,0.000120046
2022-01-14,239.94239470912177,240.2956609653154,239.58136012045094,240.0641300482796,207650,49849316.60452526,0.2975458452376037,4.1846371213627,9.64231673559948,0.00020765
2022-01-15,249.55166727085162,249.653417754902,248.66244389775926,249.30171377846247,418027,104214847.50566933,0.3974998174394201,3.847965011817922,9.237583730182877,0.000418027
2022-01-16,259.2691248594091,260.21939621683305,258.9040897148887,259.60085736045767,190495,49452665.32288038,0.5066649298919826,4.131196463072584,10.299143581995196,0.000190495
2022-01-17,269.5757476482465,269.99735674920754,268.63677698243214,269.6017945448711,326277,87964864.7187169,0.5046627264007154,3.852428411099984,10.00093718441343,0.000326277
2022-01-18,279.3693602930593,280.16990622045296,278.637745189535,279.43942817778156,442977,123785239.57590914,0.5482980840997101,3.64894961085771,9.837633632910467,0.000442977
2022-01-19,289.3079966532043,289.9198617400676,288.92458111462474,289.43553305654444,434255,125688827.4074697,0.3438695363116981,3.5771991604575115,9.996104878762878,0.000434255
2022-01-20,299.7710450560861,300.34622655785904,299.5215429050435,299.6966345951627,445622,133551413.70156561,0.27517281064219073,3.5452114086537145,10.261101538618277,0.000445622
2022-01-21,309.6227898864708,310.29695452503756,308.6914724145965,309.51418480971154,143083,44286218.10512795,0.5187103497140589,3.2758293158048346,9.817550214548817,0.000143083
2022-01-22,319.65033334076554,320.59716752233777,319.1248621419412,319.94540595978185,238515,76311778.50249738,0.46017393998200934,3.370191629984065,10.431221150070314,0.000238515
2022-01-23,329.46047472891314,329.98922606346144,329.1276741534599,329.37020340701275,429899,141595921.07447138,0.26157554663100224,2.9457517662921706,9.424797447230901,0.000429899
2022-01-24,339.43849373396813,339.48637874159,339.2433080832163,339.3379240709595,350211,118839873.72681479,0.07163085559599335,3.026297024090341,9.96772066394675,0.000350211
2022-01-25,349.30530113548286,349.68310673330194,348.31954065862044,348.9239879743497,185253,64639215.54421221,0.39079172589926375,2.8249314984863494,9.586063903390198,0.000185253
2022-01-26,359.60969588311707,360.56043929148683,359.10167585891867,359.7283531190256,491030,176637413.23203513,0.40551805825700143,3.0964810437367207,10.804365144675899,0.00049103
2022-01-27,369.5264692816975,369.65150606202405,368.91558660221324,369.3660075366891,284003,104901054.23844232,0.1992385451814261,2.679147844227514,9.637654417663498,0.000284003
2022-01-28,379.4592860101941,380.2297490333303,378.7671207899453,379.3608265284023,357959,135795622.10328037,0.3855506792226684,2.7059390381829918,9.994818991713203,0.000357959
2022-01-29,389.249274421058,389.91539556390563,388.8435398279235,389.16118920375794,248254,96610821.86458972,0.2754271920525254,2.583388159774036,9.800362675355643,0.000248254
2022-01-30,398.85696094051855,399.85285077210864,398.23367650595407,399.05181611440906,329991,131683507.85140996,0.40575539335231403,2.5415244852365237,9.890626910651122,0.000329991
2022-01-31,409.17551239495646,409.3069153057177,408.55717013869014,408.9776133534458,115449,47216056.48404197,0.18332181091282382,2.487345461971535,9.92579723903674,0.000115449
2022-02-01,419.5991312801697,420.4736277266193,419.2509216631545,419.6442182220513,437285,183504121.9652297,0.29136730839404923,2.608114605868961,10.666604868605475,0.000437285
2022-02-02,430.0348291567992,431.0090214846756,429.1748468298076,430.0432515694033,305076,131195875.01578729,0.42650934485643655,2.478059483676587,10.39903334735203,0.000305076
2022-02-03,439.940380807455,440.5130944353577,439.4865775061671,440.0346411668699,390779,171956297.04054826,0.23328093589824622,2.3233452823649525,9.991389597466593,0.000390779
2022-02-04,449.93298163655203,450.56128921744863,449.082329710043,449.8481747719775,472771,212675171.43512258,0.3287685913486954,2.230172965265731,9.81353360510758,0.000472771
2022-02-05,459.95248710426193,460.53915265212123,459.7505356326786,460.239617174023,291406,134116585.88221335,0.1713492254936556,2.3099887883979653,10.391442402045527,0.000291406
2022-02-06,469.6159228040943,470.1155723207131,469.43053645153844,469.7914374996359,238288,111945662.05891323,0.14581701889260168,2.075401588473258,9.55182032561288,0.000238288
2022-02-07,479.81168134876657,479.99553584859405,478.9001786060238,479.562446915991,231041,110798587.29791749,0.22840763483761967,2.079861112062664,9.771009416355128,0.000231041
2022-02-08,490.17584479316,490.4717509703269,489.3558645263622,490.018125046118,498801,244421530.7911287,0.22772350387237011,2.1802537286574886,10.455678130126955,0.000498801
2022-02-09,499.8231195030483,500.31339237975084,499.05419165265783,499.6638389251908,365441,182597652.96066067,0.2520095770391599,1.9684402241580523,9.645713879072844,0.000365441
2022-02-10,509.50988381898253,509.99891678290084,509.484094633547,509.48786405172297,499119,254295073.2176319,0.1010469896691362,1.966126895967557,9.824025126532149,0.000499119
2022-02-11,519.5009901040265,519.5880436442264,519.0040637483233,519.419279681048,320280,166359606.89624605,0.11242938388072432,1.9492938556661787,9.931415629325045,0.00032028
2022-02-12,529.5115586206595,530.169763321152,529.4807363723704,529.7834431056579,104705,55470975.410377905,0.1300582261956744,1.9953366827226704,10.364163424609842,0.000104705
2022-02-13,539.8046025050738,540.5649714582821,538.8688128490671,539.7891728393836,233161,125857783.32840352,0.31422612652508475,1.8886452311666968,10.00572973372573,0.000233161
2022-02-14,549.9509286591249,550.9088729744626,549.2697697570413,550.1896911299591,203176,111785340.68502057,0.2979160176656437,1.9267741581156628,10.40051829057552,0.000203176
2022-02-15,560.3354181348459,560.6669462901701,559.4473126085766,560.0222469442226,390650,218772690.76876056,0.21778307705605085,1.7871210552981687,9.832555814263515,0.00039065
2022-02-16,570.7777456617223,571.7710415304064,570.1340351285484,570.9093130389757,425160,242727803.5316509,0.28673667857056745,1.944041715156608,10.887066094753095,0.00042516
2022-02-17,580.2945953989266,580.5389224864031,579.5184549496239,580.1393468337515,421563,244565283.46927676,0.17590041812344046,1.6167250356530216,9.23003379477575,0.000421563
2022-02-18,589.9077415845484,590.8624270802084,589.4187339247833,590.227287129522,249742,147404543.14230108,0.24459952748817426,1.738882279029652,10.087940295770522,0.000249742
2022-02-19,600.0211222578318,600.3231907532394,599.8944897207956,600.1970984201498,239973,144031098.2991786,0.07142670858826272,1.689147809331959,9.969811290627831,0.000239973
2022-02-20,609.6710454639338,609.8202002104712,609.2272561554942,609.3820733734062,345843,210750524.40167892,0.09730251034373258,1.5303264506665082,9.184974953256415,0.000345843
2022-02-21,619.5331807314109,620.1399887976715,618.6178439869911,619.4978306273973,260551,161410779.267799,0.24570623744377723,1.660002434596164,10.115757253991092,0.000260551
2022-02-22,629.1882393382515,629.2484438283674,628.59888286632,629.0335850662594,286800,180406832.19700322,0.1032633197127297,1.539271643486595,9.535754438862114,0.0002868
2022-02-23,638.9226678389444,639.6896891760946,638.8495925100901,639.2463524901611,368907,235822454.15808788,0.13141986070501455,1.6235647295089972,10.21276742390171,0.000368907
2022-02-24,649.2362640904748,649.6942275875439,648.9493988270718,649.1777758681923,182186,118271102.27432248,0.11473417423693118,1.553614399103509,9.931423378031127,0.000182186
2022-02-25,659.6192274795881,660.5894599094225,658.6810848649417,659.7424751591311,254380,167825290.83097976,0.2892606003608543,1.6273969448214576,10.564699290938847,0.00025438
2022-02-26,670.0897357025285,670.943553854991,669.8221909070264,670.233034708791,498946,334410091.7358124,0.1673094117856812,1.5900991590892533,10.490559549659906,0.000498946
2022-02-27,679.8450035709621,680.3324045670367,678.8514356533283,679.5131364595976,490686,333427582.8768141,0.2179455899005304,1.3846082288138328,9.28010175080658,0.000490686
2022-02-28,689.9359167051862,690.4863295659814,689.2305336124008,689.897274885136,239086,164944779.8631876,0.18202651311960064,1.528173315330128,10.384138425538367,0.000239086
2022-03-01,699.5424254420245,700.2680283387722,698.6948055578165,699.418448349932,129786,90774722.73754427,0.22493298320443736,1.3800856752740787,9.521173464795993,0.000129786
2022-03-02,709.1350681476423,709.5567815578703,708.7838376409251,709.1061589165396,387674,274902021.05181056,0.10900256713694649,1.3851093847271123,9.68771056660762,0.000387674
2022-03-03,718.7833711689258,718.9853872398583,718.6047862302257,718.9788921194234,483414,347564462.155019,0.05293632592058206,1.3922785860397413,9.872733202883865,0.000483414
2022-03-04,728.4825827764024,729.3170409448209,728.437436060551,728.5808258072196,350853,255624768.47694042,0.12072852497803438,1.3354959085782658,9.60193368779619,0.000350853
2022-03-05,738.443019446128,739.369667943595,738.2334608189242,738.8182234800504,104556,77247878.17418015,0.1537871006103436,1.4051148905117605,10.237397672830753,0.000104556
2022-03-06,748.1381149747976,748.2238155354028,747.6449294697336,747.9213390896772,194749,145656932.86637554,0.07739932469018072,1.232118445420638,9.103115609626798,0.000194749
2022-03-07,758.5756604661591,758.8948872681361,757.8842687558074,758.3176579893918,389045,295019693.25248295,0.1332711300707798,1.3900283835153626,10.396318899714629,0.000389045
2022-03-08,768.1825409447432,768.6212400019359,767.9844485727282,768.0904801498295,474315,364316836.0922664,0.08290578332431821,1.288750440857389,9.772822160437727,0.000474315
2022-03-09,778.0460288740793,778.3181684948219,777.5352948015268,778.1515853090948,382186,297398641.7829417,0.10060683651811912,1.3098854131485371,10.061105159265253,0.000382186
2022-03-10,787.8223838014784,788.4813587473814,787.3599074335286,787.9135383060838,122449,96479224.85204165,0.1423317736440615,1.2545053150680552,9.761952996988953,0.000122449
2022-03-11,797.9719589936673,798.7632084862983,797.0118323483555,797.8468366186942,304334,242811919.17551368,0.21951282596609276,1.2607091805993953,9.933298312610418,0.000304334
2022-03-12,807.5007536607225,807.5153899193659,806.6948419618808,807.0648128062563,358936,289684615.6494264,0.10167063963946014,1.155356612884284,9.217976187562158,0.000358936
2022-03-13,817.3284758985168,818.1569962687539,816.7872399371356,817.2939884209918,353759,289125104.0498216,0.16759652597771676,1.267454044882399,10.229175614735482,0.000353759
2022-03-14,827.5348369300565,827.9752566724628,826.7878614616342,827.3581303838868,469742,388644862.88278776,0.14351647336537318,1.2313980165618021,10.06414196289495,0.000469742
2022-03-15,837.5595113769532,838.3923633515983,836.7703708467037,837.5681660531831,483090,404620805.3386322,0.19365498482801705,1.2340527389945288,10.210035669296303,0.00048309
2022-03-16,847.4820815349043,848.3379435314699,846.6252465873323,847.650614909618,152129,128952240.39558527,0.20205222694497216,1.2037765121788002,10.082448856434894,0.000152129
2022-03-17,857.0606354794764,857.4938106633874,856.5239601360568,856.8391402242936,299809,256888085.79150525,0.11318933529072764,1.0839991327860288,9.188525314675644,0.000299809
2022-03-18,867.2967793997038,867.4760266121351,867.1463645451404,867.1562215282463,198704,172307409.84254867,0.03801645641355645,1.2040861370142375,10.317081303952705,0.000198704
2022-03-19,877.762167228592,877.7815948056501,877.2936349673445,877.4970992851405,229583,201458416.5451804,0.05560814260276893,1.1925045914644716,10.340877756894201,0.000229583
2022-03-20,887.3770939007993,887.8982752486659,887.3594202367071,887.5544885258887,354246,314412627.34234196,0.0607123302202773,1.1461450127802753,10.057389240748194,0.000354246
2022-03-21,897.4454659922148,898.2028790266038,896.7549141265608,897.4664947716398,195333,175304822.82322872,0.161339159565104,1.11677720904928,9.912006245751058,0.000195333
2022-03-22,907.8894598041766,908.0730047334198,907.5872982034037,907.8480202078973,415882,377557650.34010077,0.05350086349307881,1.1567591098650576,10.381525436257562,0.000415882
2022-03-23,917.6126402784517,918.0305118262121,916.6235835272671,917.4263308390937,286104,262479342.95838806,0.15335599727753507,1.0550566193890942,9.57831063119636,0.000286104
2022-03-24,927.2673775515735,928.1016536812708,926.8417881311651,927.3962324046458,257336,238652436.86208194,0.13584975936757857,1.0867250296199282,9.969901565552163,0.000257336
2022-03-25,937.065941780995,937.8608546483187,937.0535676232573,937.2526191552348,108716,101894355.74408051,0.086133344261972,1.0628021126452447,9.856386750588968,0.000108716
2022-03-26,946.9922870407755,947.1378944307305,946.2101488019736,946.8185624894143,220987,209234593.6688482,0.09798557669989962,1.0206366073216566,9.565943334179451,0.000220987
2022-03-27,956.6886672315416,957.0992662106913,955.7276665005415,956.3157617635543,116863,111757928.86697425,0.14342540037407683,1.0030643304214104,9.49719927414003,0.000116863
2022-03-28,966.5794461265308,967.3849942694054,966.1084251078705,966.6630675552019,233572,225785426.01500362,0.13205937046539692,1.081996784468564,10.347305791647614,0.000233572
2022-03-29,976.6073825567827,977.2427718231021,976.1619273996718,976.6103328211267,150512,146991574.4135734,0.1106730481038541,1.0290312726110917,9.947265265924784,0.000150512
2022-03-30,986.1977761450856,986.4594233890964,985.711609014481,986.2269709484588,343135,338408991.6763994,0.07582578824590275,0.9846955130561108,9.616638127332067,0.000343135
2022-03-31,995.766776493597,996.2623406729468,994.8251881475105,995.4678493692943,360564,358929869.6399902,0.1443695571230015,0.9369930749256072,9.240878420835543,0.000360564
2022-04-01,1006.1272212597345,1006.6964062519918,1005.2077003182306,1005.9320817035765,116196,116885284.16562878,0.14799268865547766,1.0511873729434962,10.464232334282201,0.000116196
2022-04-02,1016.1308401434322,1016.8740671354636,1015.6210205682303,1016.1556888071918,221494,225072388.13666016,0.12331245900952795,1.016331747398036,10.223607103615336,0.000221494
2022-04-03,1025.8379376146231,1025.943596300154,1025.001646711512,1025.5407848989812,434370,445464150.7365705,0.09184906173525134,0.9235884023643948,9.385096091789364,0.00043437
2022-04-04,1036.0808163431514,1036.5056810833678,1035.4095962589624,1036.0667087756854,475736,492894231.76610947,0.10579288139666122,1.0263778907380061,10.525923876704155,0.000475736
2022-04-05,1046.1435641173362,1046.3312222651882,1046.0112247598827,1046.2023332788287,234004,244815530.79657903,0.03058657920429744,0.9782791414194358,10.13562450314339,0.000234004
2022-04-06,1055.8362910899425,1056.335779594128,1055.8123287813485,1056.0683990557086,196709,207738158.7098494,0.04956599527527538,0.9430361090821959,9.86606577687985,0.000196709
2022-04-07,1065.986257134558,1066.6890700792815,1065.1161735810363,1066.0383311125377,424799,452852017.0182749,0.14754596081021734,0.944061205291602,9.969932056829066,0.000424799
2022-04-08,1075.720736228975,1076.493031439729,1074.8042578516497,1075.8311281550448,304778,327889659.57683825,0.15697385434231248,0.9186158467948458,9.792797042507118,0.000304778
2022-04-09,1085.315238197456,1086.2241080408673,1085.3033825827954,1085.6357512597867,234630,254722716.31808376,0.0848097952746613,0.911353357246325,9.80462310474195,0.00023463
2022-04-10,1095.3860637714788,1095.9146198062167,1095.2571699045711,1095.4283214396069,363915,398642797.5966945,0.060017610351863086,0.9020124999067791,9.792570179820132,0.000363915
2022-04-11,1105.174512240023,1105.8453585361704,1104.3835301745617,1105.3074198731854,202825,224183977.43577883,0.13225536491706666,0.9018480023042841,9.87909843357852,0.000202825
2022-04-12,1115.4557612566196,1116.1621650822262,1114.866208736678,1115.4197251511468,494242,551287275.7981532,0.11618553234503154,0.9148862204436892,10.112305277961468,0.000494242
2022-04-13,1125.7493987704063,1125.7766845972037,1125.5754471835087,1125.840562586627,330929,372573291.53622985,0.017874414937820434,0.934252568831706,10.420837435480053,0.000330929
2022-04-14,1136.1990582536105,1136.787592700264,1135.265586406835,1136.2097695364725,166916,189651589.89194986,0.13395469166314022,0.9210191295668357,10.369206949845648,0.000166916
2022-04-15,1146.6486531250323,1147.3487904049387,1146.025524849231,1146.7486217394246,492410,564670488.83071,0.11539281849761027,0.9275445860011722,10.538852202952057,0.00049241
2022-04-16,1156.4818134791753,1157.4230674628004,1155.748249250637,1156.6425828699025,207831,240386184.6404347,0.14479997857314353,0.8627837821571172,9.89396113047792,0.000207831
2022-04-17,1166.5805134517814,1167.341092862615,1165.8582479905522,1166.4909697657304,319499,372692698.3491811,0.12712013298830302,0.8514632818888312,9.848386895827844,0.000319499
2022-04-18,1176.452764998282,1176.5879525792168,1175.9412221690238,1176.25027200432,492374,579155051.4278551,0.05498238135077627,0.8366376158531086,9.759302238589726,0.000492374
2022-04-19,1186.5238567580045,1186.911009568017,1186.0434168341965,1186.6676146441685,381567,452793201.7169314,0.07311168882625854,0.8856399771196122,10.417342639848357,0.000381567
2022-04-20,1196.0453533026196,1196.1458724104225,1195.7208714531523,1195.84439614604,494771,591669127.7255723,0.03553982095328423,0.7733236660902199,9.176781501871574,0.000494771
2022-04-21,1206.008480022944,1206.8275628955598,1205.5638101857235,1205.9384707666384,435946,525724052.57683295,0.10479412842953435,0.8440959921817148,10.094074620598349,0.000435946
2022-04-22,1215.5290748877524,1215.8267571904141,1215.341402747518,1215.503872093746,407332,495113623.22768974,0.0399303082482211,0.7931914901949,9.565401327107566,0.000407332
2022-04-23,1225.5672866523005,1225.8842833483786,1224.7361257290343,1225.4821006520735,436176,534525880.7340188,0.09369028064411915,0.8209129388571768,9.9782285583276,0.000436176
2022-04-24,1235.4752147577321,1235.6042101938006,1234.528502881772,1235.3981606260204,480376,593455626.8088852,0.08707373430792541,0.809155839050657,9.916059973946858,0.000480376
2022-04-25,1245.2309847613828,1246.107705183077,1244.700733108154,1245.3272764999563,271281,337833628.8961846,0.1129801058302831,0.8037178773930176,9.92911587393587,0.000271281
2022-04-26,1255.1759923675381,1256.144853281252,1254.8771229392735,1255.511281219679,231250,290336983.7820507,0.10097323384835699,0.8177773756265383,10.18400471972268,0.00023125
2022-04-27,1265.2336599573375,1266.0616096939004,1264.6331872724543,1265.1387516805873,229414,290240541.57805026,0.1129063843431139,0.7668167227900646,9.627470460908398,0.000229414
2022-04-28,1275.6291273610161,1276.2749409052967,1275.1824596632791,1275.505139350302,496060,632727079.4261109,0.08565086947231401,0.8193874115344446,10.36638766971464,0.00049606
2022-04-29,1285.6212650800217,1285.7017813010552,1284.9628000268883,1285.6119646337913,494080,635195159.4862636,0.057480895829825095,0.7923782485609987,10.106825283489343,0.00049408
2022-04-30,1295.7803862514738,1296.2848789433813,1295.1250672114822,1295.646440156996,437465,566799969.9432802,0.08951606672561764,0.7805213236377284,10.03447552320472,0.000437465
2022-05-01,1306.1784871890625,1307.0586890783388,1305.880943715395,1306.2380165094078,247425,323195941.2348402,0.09016315158940574,0.8174742757081521,10.591576352411721,0.000247425
2022-05-02,1316.5656547929807,1316.789857905681,1316.4709949739608,1316.580742881461,281475,370584564.6025592,0.024219018350689472,0.7917949287444159,10.342726372053221,0.000281475
2022-05-03,1326.9579548071522,1327.405290706676,1326.3152197028753,1327.0129916479416,301880,400598681.9186806,0.08214471227195252,0.7923744003462074,10.432248766480598,0.00030188
2022-05-04,1336.5311176322448,1337.0338811589422,1335.8464146343695,1336.3027489314518,370588,495217763.1210089,0.08886208799033676,0.7000502136737863,9.289757283510198,0.000370588
2022-05-05,1346.7009691008006,1346.716012644371,1346.00192843191,1346.411378686767,125521,169002902.66414168,0.05303610945098838,0.7564625428929439,10.108629755315178,0.000125521
2022-05-06,1356.377662850346,1356.9014322912724,1356.3264436298487,1356.6627260749656,235024,318848300.5330427,0.042382579720993886,0.7613830030311686,10.25134738819861,0.000235024
2022-05-07,1366.5064752963287,1366.729163637071,1366.0385989069302,1366.6044034940478,319520,436657439.00441813,0.05053142872766673,0.732803903874113,9.941677419082225,0.00031952
2022-05-08,1376.67883497047,1376.9293952330129,1376.5494051939468,1376.5477359148833,399722,550236414.095369,0.027604566783408023,0.7275940568765238,9.943332420835532,0.000399722
2022-05-09,1386.3823305174067,1386.4863133405793,1386.2818958755906,1386.5008238217774,143212,198563555.9811644,0.014743407394824116,0.7230470580287696,9.953087906894098,0.000143212
2022-05-10,1396.1693587982993,1397.1478723028779,1395.7752541571535,1396.2757228386226,131207,183201148.76648715,0.09830566579885945,0.7050049194995411,9.774899016845211,0.000131207
2022-05-11,1406.3025813994718,1406.982657366495,1405.449157370265,1406.379073558508,465066,654059090.223561,0.10903888041719531,0.723592808685769,10.103350719885384,0.000465066
2022-05-12,1416.648284360788,1417.376191721204,1416.26524573907,1416.7047240217196,278107,393995500.6835084,0.07841760977405104,0.7342010882659844,10.32565046321156,0.000278107
2022-05-13,1426.866807376172,1427.216340872983,1425.9782425232088,1426.6457537918473,199636,284809851.7039892,0.08678386673660782,0.701700897975921,9.94102977012767,0.000199636
2022-05-14,1437.2858086931142,1437.5084338243548,1436.385504977557,1437.2526222718436,103423,148644977.95322087,0.0781302346850326,0.7434829881072247,10.606868479996365,0.000103423
2022-05-15,1446.8867751343191,1447.3771254585572,1446.288469215941,1446.6679136173166,114248,165278915.79495117,0.07525267080086995,0.6550895228558007,9.415291345472951,0.000114248
2022-05-16,1456.7947434506527,1457.6361255814684,1456.154835807948,1456.7568324203362,281420,409960507.77973104,0.10168407935723944,0.697390099555939,10.088918803019624,0.00028142
2022-05-17,1466.6176781961717,1467.4871869630717,1466.2974339397656,1466.674058260836,497527,729709944.184339,0.08111911549843141,0.6807742802223737,9.917225840499896,0.000497527
2022-05-18,1477.0454286764782,1477.215325571791,1476.4675169008085,1476.7501680788746,244128,360516065.0327595,0.05063880723679598,0.6870040252833443,10.076109818038503,0.000244128
2022-05-19,1486.678114620297,1487.1468721972437,1485.692038635018,1486.3513178539167,458181,681017933.1656255,0.09787952180284902,0.650153965279876,9.601149775042131,0.000458181
2022-05-20,1496.8288112244782,1497.8240847082727,1496.802747165925,1497.2843890314514,454893,681104187.579684,0.06821266219227799,0.7355644016463492,10.933071177534657,0.000454893
2022-05-21,1506.3689258029524,1507.3019834670006,1506.2317147968263,1506.7191404755742,308945,465493344.8542263,0.07103305728474954,0.6301242110876348,9.434751444122867,0.000308945
2022-05-22,1516.323011503785,1517.2712033312114,1515.9167580617273,1516.476781020607,298157,452148167.5987611,0.08931526591344005,0.6476084548811656,9.7576405450327,0.000298157
2022-05-23,1526.280975596747,1526.9270933716998,1526.0659397844408,1526.5400292576041,227426,347174892.69393986,0.05641211961390685,0.6635939542855684,10.063248236997197,0.000227426
2022-05-24,1536.0955628924196,1537.0653629371818,1535.764432305723,1536.135820658384,215117,330448929.3325696,0.08468851607804398,0.6285974305859865,9.595791400779945,0.000215117
2022-05-25,1546.5523853582542,1546.6045908468611,1546.3728321205408,1546.5592109432275,197693,305743930.08899945,0.014985441532430914,0.6785461379564817,10.423390284843435,0.000197693
2022-05-26,1556.5411099214837,1557.4753376977565,1556.4012716935872,1556.8145295274408,178299,277578473.80021316,0.06899126285102684,0.6631054609256504,10.255318584213228,0.000178299
2022-05-27,1566.9268181694679,1567.150236714787,1565.9564235014839,1566.538263774466,131857,206559035.84650975,0.07620708928148302,0.6245916942962282,9.723734247025277,0.000131857
2022-05-28,1577.3743538735914,1578.0994517208733,1577.1188979074739,1577.6969745937654,494823,780680750.0594108,0.06215095986045668,0.7123165183602564,11.158710819299358,0.000494823
2022-05-29,1587.2796522503118,1587.855179077963,1586.4504671594161,1587.0932743925823,116174,184378974.05928385,0.08850846646580524,0.5955706292227747,9.396299798816926,0.000116174
2022-05-30,1597.0987118536711,1597.5187120747855,1596.67958978178,1597.1356049923304,319939,510985968.3256412,0.052539201454322323,0.632749868062521,10.042330599748084,0.000319939
2022-05-31,1607.4954922163208,1607.9962212037717,1606.5796731850996,1607.5530399660097,476997,766797977.4046668,0.08811827563101905,0.6522573876079463,10.417434973679292,0.000476997
2022-06-01,1617.6363951182727,1618.5235355204832,1617.3312093829727,1617.7174988512625,451473,730355772.358876,0.07370422452357295,0.6322938424145441,10.16445888525277,0.000451473
2022-06-02,1628.047435369683,1628.9663431137224,1627.3197030256947,1628.0503677139257,420035,683838136.2027187,0.10114183938546263,0.6387313526620364,10.33286886266319,0.000420035
2022-06-03,1637.9375346073825,1638.8656586812485,1637.5438041001926,1638.0205185567322,275300,450947048.75866836,0.08069829199823769,0.6123981813171087,9.97015084280656,0.0002753
2022-06-04,1647.7785245524499,1648.6317904980006,1647.0631016532705,1647.648483389839,424916,700112202.9680768,0.09520773760570067,0.587780477963129,9.627964833106716,0.000424916
2022-06-05,1657.6250911472255,1658.3384394793864,1657.3600525577226,1657.672128022412,379574,629209240.3219789,0.05902173928875478,0.6083606262878627,10.023644632572996,0.000379574
2022-06-06,1667.7877603060442,1668.4205755299045,1666.870826572662,1667.5861387976083,165680,276285671.47598773,0.09293366748417727,0.5980682553324845,9.914010775196402,0.00016568
2022-06-07,1677.9527285827457,1677.9679668282233,1677.6162221799034,1677.9456283215525,223299,374683580.85857433,0.02096281562304175,0.6212266510810416,10.359489523944148,0.000223299
2022-06-08,1688.353201315388,1688.8662965282253,1688.2094509993308,1688.403800431162,333410,562930711.1017537,0.03890334342571534,0.6232724072275708,10.45817210960945,0.00033341
2022-06-09,1698.366574903659,1699.2180982503255,1697.4575875389633,1698.5186174259054,136960,232629109.842652,0.10364977417970851,0.5990757064252339,10.114816994743478,0.00013696
2022-06-10,1708.211874230087,1708.766029864544,1707.611105371077,1708.3450518332652,158494,270762440.6452615,0.06760487245990511,0.5785296850176147,9.826434407359784,0.000158494
2022-06-11,1717.9112683798076,1718.2267339514285,1717.5289521740515,1717.9870927257866,300599,516425202.08627874,0.040616240967789756,0.5644082781856241,9.642040892521436,0.000300599
2022-06-12,1728.010003943567,1728.875014236613,1727.9244525342347,1728.43260587434,497786,860389553.1477642,0.05499558959647492,0.6080088257229166,10.445513148553346,0.000497786
2022-06-13,1738.170046630712,1738.964812103743,1737.5388119598504,1738.1348523439876,380003,660496458.2952724,0.08204197401425013,0.5613320667912092,9.702246469647662,0.000380003
2022-06-14,1747.7524736181151,1747.8542528474557,1747.1739666943035,1747.7169954239123,474241,828839055.6268315,0.03892427406343929,0.5512888178384134,9.582143079924663,0.000474241
2022-06-15,1757.6513151418558,1758.2681253275764,1757.5282626791118,1757.7400321634505,288572,507234556.5614712,0.04209169928012562,0.5734931207845184,10.023036739538156,0.000288572
2022-06-16,1767.45354074603,1767.7132102034661,1766.7515902428722,1767.4995479628544,101485,179374691.62501028,0.0544056693933659,0.5552308999523525,9.759515799403971,0.000101485
2022-06-17,1777.1883661639745,1777.5893586742623,1776.7954863048133,1777.3182881017135,147432,262033589.85141182,0.04466686551101074,0.5555158500705648,9.818740138859084,0.000147432
2022-06-18,1787.3769629233773,1787.506383916326,1786.485225098909,1787.243693599146,402669,719667630.8578745,0.05713595863139463,0.5584483974467647,9.925405497432394,0.000402669
2022-06-19,1797.343582378781,1797.6417782817134,1796.6391784546624,1797.2464556973916,395567,710931388.7408501,0.055785327820381175,0.5596753332558713,10.00276209824574,0.000395567
2022-06-20,1807.706252273724,1808.573731072302,1806.7763239248243,1807.6577047014403,379347,685729527.3053772,0.09943293704350055,0.579288887789664,10.411249004048614,0.000379347
2022-06-21,1817.9556026437856,1818.7080513872593,1817.2497140172998,1818.134290754256,138731,252231588.29062867,0.08021065206104852,0.5795669183146668,10.476586052815719,0.000138731
2022-06-22,1828.4364052697874,1828.8092635221678,1828.064982288386,1828.5586795044403,259217,473993495.2251025,0.040703163760840155,0.5733563688444576,10.424388750184335,0.000259217
2022-06-23,1838.7837486171973,1839.3892893086443,1838.2173259641045,1838.736867979629,332075,610598545.4343354,0.06373741479538192,0.5566235630976468,10.17818847518879,0.000332075
2022-06-24,1848.3663921063744,1848.7794634715094,1847.6413973287229,1848.4089796976882,343511,634948817.0249326,0.06157003970910646,0.5260193498315413,9.672111718059114,0.000343511
2022-06-25,1858.4977372534647,1858.5727797144536,1857.7387799915152,1858.4374399515675,373922,694910644.4215701,0.04487639481478322,0.5425455277500157,10.028460253879302,0.000373922
2022-06-26,1868.1804642133277,1868.2117765335363,1867.6934067231525,1867.8455672256266,211751,395518166.70559365,0.02775228420804222,0.5062385782705903,9.408127274059098,0.000211751
2022-06-27,1878.2658633296912,1878.9060534658267,1878.2367112870686,1878.4231745093555,461392,866689425.3332206,0.03563319425789001,0.5662998841729827,10.577607283728867,0.000461392
2022-06-28,1888.3475329439964,1889.067767234822,1888.078997255873,1888.4856160819488,342615,647023499.3539169,0.052357824202039764,0.5356855531353677,10.062441572593343,0.000342615
2022-06-29,1898.0642959488694,1898.267318520306,1897.2187716115754,1897.9050326795696,389355,738958813.9989538,0.055247596200853566,0.4987814848790517,9.419416597620739,0.000389355
2022-06-30,1908.4896759505664,1908.6593877633907,1907.7974357682103,1908.150016379115,302800,577787824.959596,0.04517212943330131,0.5398048650032239,10.2449836995454,0.0003028
2022-07-01,1918.8259221224616,1919.114543276619,1918.4236985690443,1918.708984938305,318210,610552386.097218,0.036005705555030326,0.5533615527371749,10.558968559190134,0.00031821
2022-07-02,1928.8925718488374,1929.6980674258537,1928.547338322244,1929.1800572830691,479799,925618662.3043593,0.05964861077976328,0.5457353057165548,10.471072344764025,0.000479799
2022-07-03,1938.9747554366236,1939.5380221277273,1938.0097599517635,1939.0132185918744,333832,647304660.7889626,0.07881649084752919,0.5097067674778799,9.833161308805302,0.000333832
2022-07-04,1949.0270058558187,1949.2928800359982,1948.7648503668443,1949.2252466099028,430164,838486528.9827023,0.027089207369559602,0.5266610830762852,10.212028018028377,0.000430164
2022-07-05,1959.2640488579304,1959.367964217926,1958.820644576667,1959.227834159831,324916,636584470.9638757,0.027935477013766603,0.5131570898398996,10.002587549928194,0.000324916
2022-07-06,1968.9799313013307,1969.6668591215082,1968.9606737134613,1969.2385287264985,476821,938974284.5058978,0.035860836447453505,0.5109510181576349,10.010694566667553,0.000476821
2022-07-07,1978.9356648955027,1979.2993221317731,1978.145087912806,1978.855117316143,478345,946575451.0925903,0.058328384370682315,0.4883404650762868,9.61658858964438,0.000478345
2022-07-08,1988.5085185146588,1989.4384242768501,1988.0753846836235,1988.5820218816564,458421,911607759.0530108,0.0685432925686858,0.49154202752881293,9.72690456551345,0.000458421
2022-07-09,1998.6131951211498,1998.8564571867228,1998.203137299248,1998.4391179532913,243496,486611931.46515465,0.03269150816782492,0.49568466189329197,9.857096071634942,0.000243496
2022-07-10,2008.3478588698047,2008.4538010975969,2007.7480601524092,2008.3592937890785,242276,486577256.26204276,0.03514017374133343,0.49639619974748417,9.920175835787177,0.000242276
2022-07-11,2018.8406150748463,2018.975761058285,2018.0813845435869,2018.453769534468,258784,522343540.29520774,0.04430998263112567,0.5026230006058618,10.094475745389445,0.000258784
2022-07-12,2029.3272198520663,2030.0233836717723,2028.986561355557,2029.474409346153,232461,471773650.67101604,0.0510882182815727,0.5459941653370937,11.020639811684987,0.000232461
2022-07-13,2038.90726807499,2039.1519308626678,2037.9220351336567,2038.6147867413567,257911,525781178.26325005,0.06032997195007318,0.4503815053350957,9.140377395203814,0.000257911
2022-07-14,2048.8136547938466,2049.2034646585366,2048.5429037895847,2048.861494736905,204275,418531181.8373813,0.032240386704948255,0.5026309071331392,10.246707995548377,0.000204275
2022-07-15,2058.6581166345213,2059.4352849274933,2058.3712549684965,2058.754559264822,228536,470499531.9561454,0.051683186526943814,0.48285667690715073,9.893064527916977,0.000228536
2022-07-16,2068.8061664625584,2069.1752157971996,2068.17217947085,2068.678100597904,474981,982582792.9000931,0.04848682480177061,0.4820167264924402,9.923541333082085,0.000474981
2022-07-17,2079.2684016737794,2079.9643119524567,2078.9363871460455,2079.26298905053,480012,998071185.900123,0.049436978959577486,0.5116740226314809,10.584888452625819,0.000480012
2022-07-18,2089.7678875241145,2089.9996981029017,2089.1315801354613,2089.5788612474216,159874,334069330.8630703,0.041545116269130385,0.49613118933080624,10.315872196891632,0.000159874
2022-07-19,2099.578462564363,2099.998217164966,2099.1322472598767,2099.7498373882663,453275,951764107.5421665,0.04124157505192045,0.48674765664373787,10.170976140844687,0.000453275
2022-07-20,2109.1867136937526,2109.7000149314595,2108.62220548833,2109.032588678123,169257,356968528.86189306,0.051104447077552836,0.4420884395163416,9.282751289856606,0.000169257
2022-07-21,2119.305244237269,2119.5033517729976,2118.4878286703693,2119.193609048677,455378,965034147.3013685,0.047920260720501054,0.4817858398727948,10.16102037055407,0.000455378
2022-07-22,2128.8732987100484,2128.9993069509624,2127.9785387527445,2128.621430403671,268106,570696177.2198067,0.04795442644887247,0.44487777401454043,9.427821354994194,0.000268106
2022-07-23,2139.085907070128,2140.037919171375,2138.648644124955,2139.1761750400974,474077,1014134223.5344843,0.06494439600768794,0.49584883839230987,10.554744636426221,0.000474077
2022-07-24,2149.032448009128,2149.628516927366,2148.445041821981,2149.1415407379845,214066,460058133.0596174,0.05506734121284785,0.46585063045123665,9.965365697887137,0.000214066
2022-07-25,2158.6681059243147,2158.9762030198017,2157.8252788927257,2158.4994866539796,438116,945673161.0948949,0.05332056524415082,0.43542715724445014,9.35794591599506,0.000438116
2022-07-26,2168.6135016921767,2168.856355054008,2168.0474014067454,2168.547457852979,213972,464008436.6517176,0.037303940217360665,0.4655072313487274,10.047971198999221,0.000213972
2022-07-27,2178.953357757364,2179.7770029218345,2178.123888677763,2179.1407344984113,296674,646494398.2665817,0.07586082981704437,0.4884964175937645,10.593276645432525,0.000296674
2022-07-28,2189.360125509587,2189.9299959961895,2189.286694833699,2189.575560653675,273971,599880205.927848,0.02938017641639814,0.4788504932273563,10.434826155263636,0.000273971
2022-07-29,2199.1337168054933,2199.8934025504313,2198.623016236811,2199.2586754182335,237459,522233765.8061383,0.057764297025164765,0.4422370681588905,9.683114764558468,0.000237459
2022-07-30,2208.8702927386535,2208.9900880877053,2208.644743930131,2208.729827833117,282522,624014768.4190679,0.015635418747124298,0.43065204292451753,9.471152414883363,0.000282522
2022-07-31,2218.9314143117185,2219.166557791715,2218.753004412203,2218.79961774689,447312,992495694.6135968,0.018638608741601632,0.455908630692603,10.069789913773093,0.000447312
2022-08-01,2228.7796995481676,2229.543573273182,2227.9991218107707,2228.674298755779,319420,711883144.5085709,0.06929911038475431,0.4450460929372513,9.874681008889183,0.00031942
2022-08-02,2239.260650581581,2239.817750387977,2238.534059931925,2239.035586580668,199528,446750292.51926756,0.05733229358860498,0.4649081218675022,10.361287824889132,0.000199528
2022-08-03,2249.051572641253,2249.841159207242,2248.941187601526,2249.3486389781933,266369,599156747.6159824,0.040010320771120954,0.4606024334465664,10.313052397525098,0.000266369
2022-08-04,2258.9468545669783,2259.011606764559,2258.1407511545676,2258.8933181697807,246204,556148570.5066727,0.03855231245258571,0.42433080520249966,9.54467919158742,0.000246204
2022-08-05,2269.4109832577487,2270.328574071711,2268.987438562579,2269.4874963772804,377948,857748260.2808003,0.05909420127993171,0.468998607516502,10.59417820749968,0.000377948
2022-08-06,2279.740463535521,2279.8745454244568,2278.8535623394023,2279.639465958034,491140,1119622127.310629,0.04478704199944146,0.44732432308876025,10.151969580753757,0.00049114
2022-08-07,2289.6938232842967,2290.0223721057696,2289.068197392342,2289.513450143724,128043,293156170.69675285,0.041675872809033766,0.43313797348829564,9.873984185690006,0.000128043
2022-08-08,2299.776143982228,2299.9471105579746,2298.936991786922,2299.470160915463,431965,993290628.0598481,0.043928326978173435,0.43488326181766457,9.956710771738926,0.000431965
2022-08-09,2309.3634595860417,2309.518604939547,2308.718959412841,2309.0400756350014,209201,483053492.8629179,0.0346310804712328,0.4161791217037747,9.569914719538247,0.000209201
2022-08-10,2319.2722961059744,2320.0717708118177,2318.741172202524,2319.5470382117337,352171,816877199.9940645,0.05736458831718858,0.45503595574636346,10.506962576732349,0.000352171
2022-08-11,2329.503033973996,2329.9871333111782,2329.374685705205,2329.7867675957696,202573,471951894.87217784,0.02628771072492267,0.4414538362597753,10.239729384035854,0.000202573
2022-08-12,2339.648467578499,2340.3790145119688,2339.2718015424107,2339.898910577195,475769,1113251364.7864013,0.04731883777342138,0.43403727422919314,10.112142981425222,0.000475769
2022-08-13,2349.7005181151926,2350.0925421952584,2349.0955720367565,2349.557410773217,426370,1001780793.2313764,0.04243225357808081,0.41277425073202867,9.658500196022032,0.00042637
2022-08-14,2359.3245808160086,2359.38072113419,2358.539983270541,2359.10529666906,350440,826724860.1647054,0.03563799652503698,0.40636955079556003,9.547885895843137,0.00035044
2022-08-15,2369.1685244870487,2369.5864383077324,2368.8035174692295,2369.0943313473595,326294,773021265.7526553,0.03304726317324676,0.42342470649374686,9.989034678299504,0.000326294
2022-08-16,2379.5234766165354,2379.921625989035,2378.8949531450253,2379.599747338509,461028,1097062112.3159783,0.04314477025634145,0.4434359515425035,10.505415991149675,0.000461028
2022-08-17,2389.222983768481,2389.8314322542437,2388.2467647571566,2389.03682871412,372239,889292680.0837153,0.06633081072844213,0.3965827188444626,9.437081375610887,0.000372239
2022-08-18,2399.4427987105946,2400.373816885651,2398.663975641912,2399.2968730337475,364788,875234707.7202346,0.07126426341634892,0.42946363138109955,10.260044319627468,0.000364788
2022-08-19,2409.72210106993,2410.344540170479,2409.5003269873696,2409.7946254653657,240176,578774833.9657696,0.03503257805408635,0.43753453562187516,10.49775243161821,0.000240176
2022-08-20,2419.568130413462,2419.588235128637,2419.555516792899,2419.3952807982732,141537,342433949.8583452,0.0013523352714332703,0.39840139202955704,9.600655332907536,0.000141537
2022-08-21,2430.0413216688326,2430.599689419987,2429.166675805682,2429.902230523978,122084,296652183.9112893,0.0589741264608759,0.4342799958772181,10.506949725704544,0.000122084
2022-08-22,2440.186548450253,2440.2565986871596,2439.965270438235,2440.291864324138,289940,707538223.1421405,0.011938254320455527,0.4275741496776009,10.389633800160027,0.00028994
2022-08-23,2449.9578903998795,2450.4965563812652,2449.8883232366784,2449.9337911411267,227649,557724977.6194863,0.024826513548496576,0.39511367299744915,9.641926816988871,0.000227649
2022-08-24,2460.034024760994,2460.65004020215,2459.849230035709,2460.175820447842,228873,563067820.5533589,0.0325509323270877,0.418053310001687,10.242029306715267,0.000228873
2022-08-25,2469.612352957382,2470.4157285091483,2469.2612434707494,2469.897694193691,473510,1169521257.1776547,0.046742220988054944,0.39516987627654654,9.72187374584928,0.00047351
2022-08-26,2479.653663460331,2479.9098547446483,2479.3659047479355,2479.5692687946207,153550,380737861.223414,0.02193727771829022,0.39157794363975373,9.671574600929489,0.00015355
2022-08-27,2489.4569228723735,2490.1407629480505,2488.8819408508707,2489.4052513702927,306680,763450802.4902414,0.050567182522284274,0.3966810969734835,9.835982575672006,0.00030668
2022-08-28,2499.628997584817,2499.9349857042075,2499.521019020946,2499.7687550235064,226738,566792567.9765198,0.016560199115606317,0.4163044023269835,10.363503653213684,0.000226738
2022-08-29,2509.803939304773,2510.1234761510295,2509.0735591382436,2509.665071004181,356916,895739618.4825282,0.04183494542424562,0.3958892581878537,9.896315980674444,0.000356916
2022-08-30,2519.5291656645827,2519.866803680651,2519.2167960137476,2519.4107413597185,407571,1026838755.2667218,0.02579998791910924,0.38832553666765524,9.74567035553764,0.000407571
2022-08-31,2529.401893370826,2530.197985238996,2528.4481459452613,2529.343064804717,225232,569688997.172096,0.06918157200908082,0.3942320036167679,9.932323444998474,0.000225232
2022-09-01,2539.1695064134547,2540.0655761841304,2538.5290819244997,2539.200852491043,472751,1200409742.215993,0.06051093823961655,0.38973707534952773,9.857787686325992,0.000472751
2022-09-02,2548.865598112126,2549.5836516120426,2548.140708153321,2548.8313137589726,108973,277753794.7542565,0.056611963723616286,0.3792713466712172,9.630461267929604,0.000108973
2022-09-03,2558.5845706395853,2558.6331684686447,2557.9696140207907,2558.4689144488325,411113,1051819830.8258029,0.025935607194859673,0.37811841991404194,9.637600689859937,0.000411113
2022-09-04,2568.394382476335,2568.9364124732883,2567.5714547285775,2568.2019511511166,460671,1183096161.038736,0.053148380488499514,0.38042427044227,9.733036702284153,0.000460671
2022-09-05,2578.131923592338,2578.8108522876087,2577.6509154586765,2578.2712870705263,266675,687560495.4795326,0.04498893637566243,0.39207726303986945,10.069335919409696,0.000266675
2022-09-06,2587.7348075624736,2588.0643969169037,2587.015230583767,2587.8019094907404,298670,772898796.3075994,0.040542760606558544,0.3696516525630189,9.530622420214058,0.00029867
2022-09-07,2597.442382265389,2598.1929092880287,2596.458205355955,2597.362675794565,380566,988467924.0764344,0.06678712789090098,0.36945510662003134,9.560766303824494,0.000380566
2022-09-08,2607.549298747155,2607.8830102201487,2606.762652799796,2607.5040748971783,429111,1118908681.083203,0.04296666038372171,0.39044986659442227,10.141399102613377,0.000429111
2022-09-09,2617.782799723705,2618.065797568378,2617.1120742592957,2617.5968012838944,418763,1096152689.2960474,0.03643507314092524,0.38706464484101755,10.092726386716095,0.000418763
2022-09-10,2627.514548350636,2628.2081404936503,2627.452384016707,2627.8567686906827,389044,1022351908.718498,0.028759424255823722,0.3919613365112484,10.259967406788292,0.000389044
2022-09-11,2637.532111046365,2638.229700894215,2637.417533259756,2637.6594211274364,450050,1187078622.4784029,0.030791224521013027,0.3730284143925289,9.80265243675376,0.00045005
2022-09-12,2647.997813742997,2648.7560523040866,2647.9592652689685,2648.1024274532474,216389,573020236.1741807,0.030088980956993354,0.3959194368371888,10.443006325810984,0.000216389
2022-09-13,2657.968944130136,2658.4424899061146,2657.922043819731,2657.954675724227,183805,488545359.17149156,0.019580698314277716,0.37204936519221743,9.852248270979544,0.000183805
2022-09-14,2668.3394748160486,2669.127729652923,2667.851745260072,2668.4987916854393,301561,804715164.1194527,0.04781656251171621,0.3967003672979974,10.544115961212356,0.000301561
2022-09-15,2677.842229133662,2678.5499204091498,2677.6154194339724,2678.0058514674633,494051,1323071468.9233518,0.03489540452890594,0.3562699676554537,9.507059782024044,0.000494051
2022-09-16,2687.6094390226135,2688.059621788986,2687.179135310797,2687.747489387745,111568,299866611.89601195,0.03275927078959755,0.3637646241491099,9.741637920281846,0.000111568
2022-09-17,2697.2766500040048,2697.3028936921414,2697.1297393863056,2697.133006443365,325971,879187143.2433501,0.006419939447635359,0.34919638443260403,9.385517055619857,0.000325971
2022-09-18,2707.6861215855747,2708.0936603042383,2707.504279103412,2707.7646210475546,181578,491670484.3605729,0.021766338043008922,0.3941820658748041,10.631614604189508,0.000181578
2022-09-19,2717.878805929649,2717.9610674180753,2716.93047062176,2717.544476472522,208312,566097124.982944,0.03792382443922965,0.3611781965444205,9.779855424967536,0.000208312
2022-09-20,2727.9122559528537,2728.182085361031,2727.5918250231184,2727.7651192712974,386779,1055042265.0666331,0.021638972275969993,0.37609845532471375,10.220642798775316,0.000386779
2022-09-21,2737.6795399429893,2738.5743232337404,2737.310654440206,2737.6634705065603,409728,1121697378.443712,0.04615866073929142,0.36287403066093127,9.898351235262908,0.000409728
2022-09-22,2747.7837914991665,2748.0695456311078,2747.5976806481044,2747.711399703576,283599,779248205.2445344,0.01717301835462952,0.36702572486588814,10.047929197015492,0.000283599
2022-09-23,2758.191819020676,2759.137184276872,2757.4395753556473,2758.074754594926,246831,680778349.7514203,0.06155050432903079,0.3771631508486806,10.363354891350355,0.000246831
2022-09-24,2768.2188411263073,2768.579348698499,2767.6508238362094,2768.335855808813,435725,1206233140.772295,0.03354090365665891,0.3720385459745845,10.261101213886832,0.000435725
2022-09-25,2778.665729663024,2779.1496700113603,2777.7577860019596,2778.6734468747077,190522,529398422.44546306,0.050091672735641773,0.37342257602897,10.337591065894685,0.000190522
2022-09-26,2788.6671399379125,2789.1811988344634,2787.7786346712996,2788.6487210911464,294986,822612331.6397929,0.05029547653513674,0.3589941174144906,9.97527421643872,0.000294986
2022-09-27,2799.0527758821036,2799.226875896567,2798.508777967097,2799.0355795000473,274267,767683091.2827395,0.0256551911926086,0.37246922964311313,10.386858408900935,0.000274267
2022-09-28,2809.1456021526974,2809.5193661946355,2809.0150550365283,2809.151553035684,234769,659501700.9546345,0.01795243683318466,0.3614092514480971,10.11597353563684,0.000234769
2022-09-29,2819.181196101188,2819.9027605648753,2818.535267641505,2819.3592442472604,284599,802386821.553526,0.048503677782835035,0.3633727486345606,10.207691211576275,0.000284599
2022-09-30,2828.9140034779152,2829.900366500493,2828.666142117929,2829.0481846460266,364290,1030593963.184701,0.043626842033380915,0.34365753206284655,9.688940398766135,0.00036429
2022-10-01,2838.500257400146,2839.1001212022197,2837.8163887970336,2838.585799355988,213208,605209201.1090915,0.04522436508621226,0.33713157526706894,9.537614709961417,0.000213208
2022-10-02,2848.7029103656314,2848.718694376505,2848.2049414090116,2848.342213364811,349794,996333016.1817306,0.01803691161416191,0.3437068561054746,9.756414008822958,0.000349794
2022-10-03,2858.3520080860776,2859.1382117714725,2857.8480245749993,2858.454311524928,149282,426715776.5330643,0.04513583412095571,0.355016967858357,10.112098160117057,0.000149282
2022-10-04,2868.7480889425274,2869.4002419869753,2868.4668002516487,2868.7527057939037,408180,1170967479.4509556,0.03253824330836749,0.36027842836088286,10.298394268975699,0.00040818
2022-10-05,2878.75553476255,2879.001930120433,2878.117879199789,2878.689406612876,327889,943890590.8448894,0.030710187719905857,0.34637704389450796,9.93670081897244,0.000327889
2022-10-06,2888.593436285891,2889.4386431803996,2888.0566631506153,2888.6554764050807,160427,463418332.11323786,0.04784163570465361,0.34620163499787804,9.966069792204507,0.000160427
2022-10-07,2898.792691352081,2899.0505983966123,2897.837169034256,2898.6132989715134,253857,735833276.2370114,0.04186240926952162,0.3447217104209699,9.957822566432696,0.000253857
2022-10-08,2909.0108030943934,2909.9926202492516,2908.37186324044,2909.1313959798863,214799,624878514.7250836,0.05571274680310057,0.3628665131738984,10.518097008372933,0.000214799
2022-10-09,2919.038427843525,2919.88389665787,2918.308189754985,2919.0234716639934,188798,551105793.4032186,0.05398061777101083,0.3400353692437852,9.892075684107112,0.000188798
2022-10-10,2928.71904343054,2929.699537244204,2927.769336143935,2928.6022969098594,452859,1326243907.576302,0.0659086111591663,0.3281517034326997,9.578825245866028,0.000452859
2022-10-11,2938.4597130004254,2939.3509885969065,2938.357474748839,2938.66318377051,450650,1324308563.7661803,0.03380836067073789,0.34353885712874455,10.060886860650498,0.00045065
2022-10-12,2948.6323562609095,2949.072992449222,2948.3454052251795,2948.8643307187135,398234,1174338037.8794363,0.024673472308072483,0.3471356297156447,10.201146948203586,0.000398234
2022-10-13,2958.763204853376,2959.427308634073,2958.4525692940597,2958.957078265906,467293,1382699929.9741101,0.032941989837334915,0.3422587957694567,10.09274754719263,0.000467293
2022-10-14,2969.2427511405576,2969.8057544912463,2968.770170137935,2969.3142786304543,298725,887008407.8838824,0.034876212355291564,0.3500287462979257,10.357200364548135,0.000298725
2022-10-15,2979.3485704151985,2979.9869246496014,2979.294727208218,2979.376419602568,445476,1327240689.8988736,0.023232963677542854,0.3388708647154237,10.062140972113866,0.000445476
2022-10-16,2989.0651838014232,2989.749261713666,2988.185066680917,2989.1746759060675,440818,1317682002.2835608,0.05232865932382754,0.32886936471110406,9.798256303499329,0.000440818
2022-10-17,2999.247658320059,2999.6614623228165,2998.6174069195404,2999.152940782658,498251,1494330951.8979,0.034811675959536256,0.3338133752108563,9.978264876590401,0.000498251
2022-10-18,3009.5343127801125,3009.581227271545,3008.8129290752745,3009.413888176554,290252,873488399.8710212,0.02552982822631294,0.34212818073953155,10.260947393896004,0.000290252
2022-10-19,3019.2518471792077,3019.6795365605776,3018.521916584488,3019.14138458367,160630,484964680.6056749,0.038342688487555635,0.32323557903861655,9.727496407116178,0.00016063
2022-10-20,3029.136530544436,3029.9491204485494,3028.606376009618,3029.3897334726203,118120,357831515.3177859,0.04432392518185751,0.33944580870841623,10.248348888950204,0.00011812
2022-10-21,3038.6453997369904,3038.820130946085,3038.3366194252953,3038.6333271631347,387968,1178892494.672827,0.01591213775178223,0.30513055446050874,9.243593690514444,0.000387968
2022-10-22,3048.5245978038333,3048.620429555918,3048.114776538643,3048.5724875488404,213050,649498368.4722805,0.01658655056882758,0.3270931144227607,9.93916038570569,0.00021305
2022-10-23,3058.712602480207,3059.157908762488,3058.1358724399256,3058.501871594885,318397,973817820.4101965,0.033416239893606745,0.3257060177049631,9.92938404604456,0.000318397
2022-10-24,3068.9822580930336,3069.7544764244535,3068.0972941710043,3069.038664399911,405183,1243522293.1575491,0.05399678644235304,0.3445083000564342,10.536792805025925,0.000405183
2022-10-25,3078.516352511131,3079.0595624159846,3078.493127008715,3078.8733894306565,384792,1184725849.2658012,0.01839748945877836,0.3204496947146973,9.83472503074563,0.000384792
2022-10-26,3088.6889385217846,3089.4538087711226,3088.401772129949,3088.848285977188,280181,865436601.6133745,0.034059187884021395,0.323978783303458,9.974896546531454,0.000280181
2022-10-27,3098.6377438885715,3099.5364165785045,3097.7455319718983,3098.6753523142174,491408,1522713857.530025,0.057795167385593836,0.31814661735387606,9.827066337029464,0.000491408
2022-10-28,3108.972030085552,3109.5775367616284,3108.0666003495858,3108.970848996242,132129,410785209.3070244,0.04859924667773677,0.33225477055334185,10.29549668202435,0.000132129
2022-10-29,3118.573838911604,3118.92965848142,3117.6706591639686,3118.4918529254633,291329,908507113.0209223,0.0403720572901435,0.3062429463529748,9.521003929221479,0.000291329
2022-10-30,3128.859078540074,3128.974614210762,3128.548555142767,3128.621877616144,128170,400995466.0540612,0.013618106778685567,0.32483729855434795,10.130024690680784,0.00012817
2022-10-31,3138.7688204411584,3139.5630134902553,3137.9257611100543,3138.733996811251,462206,1450741685.7301412,0.05216282685517166,0.32321320986261615,10.11211919510697,0.000462206
2022-11-01,3148.8512321725343,3148.8663455017513,3148.280487376826,3148.6757490681953,341245,1074469855.9907763,0.018606492748539014,0.31674402058423645,9.941752256944255,0.000341245
2022-11-02,3159.2341431900327,3159.512153383388,3158.9131034316742,3159.3066700700238,229538,725180934.4345331,0.01896143724789293,0.3376314949220971,10.630921001828483,0.000229538
2022-11-03,3169.328873702308,3170.0524398387233,3169.311560291214,3169.678219770902,493786,1565142729.4277947,0.02337396720235353,0.3282856266893619,10.371549700878404,0.000493786
2022-11-04,3179.3907993684093,3179.917253011917,3178.9892611682726,3179.4416011678,214753,682794622.1755885,0.029187258646415398,0.308024370928206,9.763381396897785,0.000214753
2022-11-05,3188.990682069093,3189.7768409458463,3188.0980336261905,3189.139248201152,220335,702678996.2524009,0.052641392833590685,0.3050110129335426,9.697647033352041,0.000220335
2022-11-06,3198.96452479126,3199.680949255968,3198.1529534809415,3199.040218533252,379493,1214013369.6518393,0.04776419396586593,0.31045901610238236,9.90097033209986,0.000379493
2022-11-07,3209.394327977074,3209.476236210723,3209.177511014476,3209.1753698107627,166464,534212168.7601788,0.00930847217192895,0.31681850133655765,10.135151277510886,0.000166464
2022-11-08,3219.7317058964895,3220.087997623012,3219.391399332315,3219.713591032178,263755,849215558.2026922,0.02163541169119712,0.3283778543407223,10.53822122141537,0.000263755
2022-11-09,3229.981653287073,3230.9795158330708,3229.2855629201576,3229.884772476532,272921,881503381.9890676,0.05244623360400164,0.31590329874942036,10.171181444353806,0.000272921
2022-11-10,3240.3930355773196,3240.922253562462,3239.9844042524787,3240.3006927598763,276653,896438907.554098,0.028943280235657697,0.32248581658713693,10.415920283344349,0.000276653
2022-11-11,3250.443655094238,3251.3608268774697,3249.841438928808,3250.5792000920114,379100,1232294574.7548816,0.046742068263356036,0.3172084416456,10.278507332135177,0.0003791
2022-11-12,3260.2124141321056,3260.645433706615,3260.0986237608035,3260.514335437112,125437,408989136.694225,0.016770665286413085,0.30564200204135084,9.935135345100662,0.000125437
2022-11-13,3270.1643807355836,3270.3952780102823,3269.5908146416937,3269.882377931331,143651,469721873.4722136,0.024602211199337507,0.28731793608149925,9.368042494219026,0.000143651
2022-11-14,3280.008485423968,3280.531959553007,3279.793490251717,3280.2389247604624,299514,982477481.3107052,0.022512668077797126,0.31672536293747555,10.356546829131275,0.000299514
2022-11-15,3289.968883736067,3290.0265702257443,3289.0731548721824,3289.66637763806,316796,1042153149.7702268,0.028982129009886497,0.28740140867287156,9.427452877597716,0.000316796
2022-11-16,3300.141155516251,3301.0486403029972,3299.4671177760056,3300.3844869715863,122649,404788856.9425781,0.0479193419201544,0.3258114380954913,10.718109333526172,0.000122649
2022-11-17,3310.6298327874715,3311.1520160348623,3310.612488285594,3310.723689093516,481575,1594361760.5752099,0.01629636900976767,0.3132726554358811,10.339202121929702,0.000481575
2022-11-18,3321.015135934639,3321.086743461962,3320.738996365235,3320.967959563497,390919,1298229473.7846026,0.010471257204571063,0.3094269238997027,10.244270469981075,0.000390919
2022-11-19,3330.711124218796,3331.4532924050877,3330.185851781661,3330.6010091171033,333667,1111311646.9090765,0.038054411800074656,0.2900675246162887,9.63304955360627,0.000333667
2022-11-20,3340.3291676348267,3340.712127794818,3339.3773373363624,3340.098180887585,431851,1442424739.5144844,0.03996261146134926,0.285148888878739,9.4971717704816,0.000431851
2022-11-21,3350.726858754629,3350.9686313907673,3350.659145537272,3350.7771902313625,326638,1094491159.8627918,0.00923624090547624,0.3197214203128462,10.67900934377758,0.000326638
2022-11-22,3360.9563156200306,3361.5489779604486,3360.881705677156,3360.98179793671,178213,598970649.1556948,0.019853492919907127,0.3045445019471016,10.204607705347371,0.000178213
2022-11-23,3370.7603207058883,3371.0927521587923,3370.718963113075,3370.930791487187,450056,1517107628.2935574,0.011088600414499241,0.2960145025654226,9.948993550477098,0.000450056
2022-11-24,3380.4881952210344,3380.626279874195,3380.0126321182684,3380.427534195772,394432,1333348793.1679068,0.018152962893572003,0.28172464212459225,9.496742708584861,0.000394432
2022-11-25,3390.9470370940667,3391.705553448254,3390.6743581490937,3391.2170510943674,465462,1578482671.0364864,0.030407823610917036,0.31917610389369244,10.789516898595593,0.000465462
2022-11-26,3401.068492551866,3401.3484568225203,3400.9238132692726,3401.159375068724,283251,963381794.1475911,0.012485258890261594,0.2931786383637114,9.94232397435644,0.000283251
2022-11-27,3410.662116053201,3410.672475858539,3410.058289676321,3410.6604261861808,233147,795185246.3840295,0.018007837353225007,0.27934742450181904,9.501051117456882,0.000233147
2022-11-28,3420.2975827999026,3420.558468776819,3419.934187391371,3420.071215038223,246816,844128297.010874,0.018253461585925126,0.2759227737768377,9.41078885204206,0.000246816
2022-11-29,3430.425504843696,3431.4144097139874,3429.921133791291,3430.642959470089,191940,658477609.6406889,0.04352758186549794,0.30910889765634053,10.571744431866136,0.00019194
2022-11-30,3440.106659313491,3440.390742951118,3439.880967245195,3439.9365135513804,162036,557393552.9098115,0.014819334714904715,0.27089831821867083,9.293554081291404,0.000162036
2022-12-01,3449.964724171297,3450.221316300227,3449.0183214181657,3449.860894322586,229309,791084151.8162179,0.03487082287987717,0.28850476548358817,9.924380771205506,0.000229309
2022-12-02,3459.504608783019,3459.7827977669076,3458.7000259336824,3459.4846016191286,468011,1619076847.88837,0.031298645836390956,0.27895928535497383,9.623707296542761,0.000468011
2022-12-03,3469.132779831398,3469.599492329826,3468.8735034670476,3469.155107849046,490659,1702172176.0621052,0.020926964641495203,0.2795360391369073,9.670506229917464,0.000490659
2022-12-04,3478.838101860228,3479.1460724955678,3477.9176723262126,3478.6405714227176,208224,724336454.3439239,0.03531264998880742,0.27342287325839987,9.485463573671495,0.000208224
2022-12-05,3488.6359128989525,3489.4870492564887,3488.443314515532,3488.9449740068867,190576,664909177.3663365,0.02991548301083901,0.2962192377338635,10.304402584169111,0.000190576
2022-12-06,3498.312406706518,3498.4344806471636,3498.2699147514536,3498.4984363802882,154982,542204284.6670898,0.004703900793514479,0.2738209528833524,9.553462373401544,0.000154982
2022-12-07,3508.1407931243193,3509.131795731478,3507.707839223406,3508.452678007089,304010,1066604698.6409352,0.04058645331026314,0.2845289717236632,9.954241626800922,0.00030401
2022-12-08,3518.110941212383,3518.80844681979,3517.3365708131983,3518.1201595919024,174528,614010475.2132555,0.041837002143848445,0.2755482964160949,9.667481584813231,0.000174528
2022-12-09,3527.855707425924,3528.589764032879,3527.1340299899102,3527.6657481611733,371611,1310919396.3399217,0.04126621247286699,0.27132639410412107,9.545588569270876,0.000371611
2022-12-10,3538.1077639094965,3538.2715471439483,3538.0855352382896,3538.320478453868,167476,592583760.44954,0.005257067775273126,0.3020334423194271,10.654730292694694,0.000167476
2022-12-11,3548.3584453546855,3549.017052554656,3547.705675096261,3548.2860296099134,363126,1288474912.7881293,0.03695805376036838,0.2816463691383886,9.965551156045422,0.000363126
2022-12-12,3558.3888074287597,3558.4444046321073,3557.413689440376,3558.049985900668,269606,959271624.4987355,0.02896854163982325,0.27517387857900477,9.763956290754777,0.000269606
2022-12-13,3568.1193189518094,3568.6574449790746,3567.9808627326056,3568.278883875416,412813,1473031910.889262,0.018961024866257257,0.28748606723574266,10.228897974747724,0.000412813
2022-12-14,3578.5984132714425,3579.3816273998623,3578.3994809920478,3578.78264203751,407876,1459699548.9036915,0.02744358923277217,0.2943648325684167,10.503758162094073,0.000407876
2022-12-15,3588.930366736955,3589.443930428722,3588.0213308527623,3588.6018458882195,171606,615825608.3654938,0.03964216809367672,0.27437273600721124,9.819203850709528,0.000171606
2022-12-16,3598.961743055468,3599.441130613314,3598.7621125106098,3598.9590562596672,322423,1160387175.7964108,0.018867069396719952,0.288614084711436,10.357210371447763,0.000322423
2022-12-17,3609.3446760468346,3609.6286031396367,3608.9867837710053,3609.3455990102484,125275,452160769.9160089,0.017782153330158538,0.28859852496836425,10.386542750581157,0.000125275
2022-12-18,3619.588464002067,3619.9374635516638,3619.076370096434,3619.4658695837497,202460,732797059.955926,0.023790622325410928,0.28039073277650317,10.12027057350133,0.00020246
2022-12-19,3629.5415314067673,3629.6939991319255,3629.3315859477757,3629.451107009521,103150,374377881.6880321,0.0099853441598882,0.27587599346308167,9.985237425771174,0.00010315
2022-12-20,3639.5269271288153,3639.794838948775,3639.0795587211824,3639.31371623311,206609,751914967.5972066,0.019654261307626743,0.27173831339237786,9.862609223589061,0.000206609
2022-12-21,3649.7064480526715,3650.6374719906394,3649.627716588067,3650.080309297219,480555,1754064343.0343251,0.02766392290055739,0.2958413015092587,10.766593064109202,0.000480555
2022-12-22,3659.751626643981,3660.741092891373,3659.6346597673723,3660.0501219528683,162239,593802871.7355114,0.030229999238646495,0.27313954244390093,9.969812655649093,0.000162239
2022-12-23,3669.509799316071,3670.4089987751067,3669.089531011148,3669.6087351217125,178837,656261817.3629616,0.03595663350509122,0.2611607177593456,9.558613168844204,0.000178837
2022-12-24,3679.7414920836245,3680.7001911589405,3679.645302629163,3680.0324087960353,162893,599451519.1660125,0.028665196731860264,0.2840540893245036,10.4236736743228,0.000162893
2022-12-25,3689.5709498577153,3690.049361404611,3688.850453397227,3689.532400939614,443291,1635536507.5449224,0.032494849674682566,0.25814968696666885,9.499992143578766,0.000443291
2022-12-26,3699.4753356478586,3699.9901625471,3699.2049725768097,3699.720637431167,492722,1822933751.9163594,0.021222952953433946,0.2761389624592603,10.188236491552743,0.000492722
2022-12-27,3709.2367408723594,3709.8036559089014,3708.6010446041923,3709.3427682581582,423649,1571459354.4298005,0.03242114249996382,0.2600772266327711,9.622130826991452,0.000423649
2022-12-28,3719.371459053905,3719.636573490768,3719.00289511801,3719.1916946526308,405265,1507258222.1333983,0.017038066999047172,0.2655167508042844,9.848926394472528,0.000405265
2022-12-29,3729.005323484001,3729.2378967220548,3728.462137338833,3728.9591147239194,327596,1221592090.147097,0.02080364410965247,0.262622119890521,9.767420071288598,0.000327596
2022-12-30,3738.8280983927166,3739.804277373622,3738.243810730969,3739.1353606521566,180279,674087583.6830101,0.04173335523164339,0.27289776088066375,10.176245928237222,0.000180279
2022-12-31,3749.1110025841135,3749.506424040878,3748.5663666653313,3749.204751398565,376202,1410458325.885643,0.02507351392841004,0.2692973047290881,10.069390746408317,0.000376202
2023-01-01,3759.2214100863453,3759.3865627493965,3758.3540653304394,3759.050252156986,114300,429659443.8215435,0.027466975690591127,0.26260237600383984,9.845500758421167,0.0001143
2023-01-02,3769.4600147072147,3769.498795014486,3768.7633714033295,3769.2366515447893,404373,1524177532.495121,0.0195112082138704,0.2709833256939964,10.186399387803249,0.000404373
2023-01-03,3779.782062999887,3780.0524669936517,3779.5373685000163,3779.932030043819,379197,1433338885.996526,0.013627189312962506,0.2837544969389594,10.69537849902963,0.000379197
2023-01-04,3789.604654818463,3790.591941370317,3788.7131236848754,3789.734881291517,429054,1626000909.7576506,0.049576493984220385,0.2593393523953047,9.802851247698072,0.000429054
2023-01-05,3799.655842930912,3800.61783355894,3798.913404817718,3799.794602218606,193889,736738375.6295633,0.044855812475419046,0.26544656136107125,10.059720927089074,0.000193889
2023-01-06,3809.198443523247,3809.791931638453,3808.7927356942873,3809.2983082534583,260075,990703257.5190182,0.026230446221577275,0.25011104624717007,9.503706034852257,0.000260075
2023-01-07,3819.68022278006,3819.994887900468,3818.8838598814104,3819.6497389196606,215302,822378228.0888808,0.02908717015952352,0.2717411404555614,10.351430666202305,0.000215302
2023-01-08,3829.7343037818882,3830.0915406439126,3829.2359278571,3829.8359381896944,223573,856247910.2088846,0.02234071643333197,0.2666788833081579,10.18619927003374,0.000223573
2023-01-09,3840.1211630139887,3841.1157420238073,3839.229720717003,3840.0486216574855,442782,1700304408.7947447,0.049114516315424406,0.2666611215888848,10.212683467791067,0.000442782
2023-01-10,3850.1418623908817,3850.800804391287,3849.960768927079,3850.1710100017913,173677,668686150.5040811,0.021818133844597586,0.2636005254521123,10.122388344305818,0.000173677
2023-01-11,3859.7133552351047,3859.952912827597,3859.237150701161,3859.829769094986,292452,1128814935.631367,0.018543878078948865,0.2508657165643857,9.65875909319493,0.000292452
2023-01-12,3870.1780553635535,3870.9902380262392,3870.1618003676763,3870.5004277499233,363157,1405599323.840379,0.021403890117758378,0.276454126043979,10.670658654937142,0.000363157
2023-01-13,3880.0585351314626,3880.998439450767,3879.681958659469,3880.2455966427056,411027,1594885706.8512614,0.03392776973800694,0.25178059206281134,9.745168892782203,0.000411027
2023-01-14,3889.922867996671,3890.2534973005663,3889.60542201429,3890.0388291095446,181791,707174048.7826532,0.016659866771165408,0.25238692301623455,9.793232466839072,0.000181791
2023-01-15,3899.831976031321,3900.041089749562,3899.2433341373953,3899.6021714623757,363603,1417907048.3502343,0.020457358907143983,0.2458418224843273,9.563342352831114,0.000363603
2023-01-16,3909.7322721780793,3910.193725998534,3908.8224134795983,3909.567615557995,146267,571840726.4248213,0.03507581026296918,0.25555027557804255,9.965444095619205,0.000146267
2023-01-17,3919.2583177938723,3920.1424352213808,3918.9967199291173,3919.635822569087,254891,999079894.4504571,0.029230146476020197,0.2575273790131227,10.068207011092,0.000254891
2023-01-18,3929.456857239751,3930.083435429671,3928.4713856364697,3929.2110963140813,131828,517980040.4048927,0.041027314483403125,0.24428988249010075,9.57527374499432,0.000131828
2023-01-19,3939.948851942882,3940.7476951063236,3939.263549493382,3939.903339913508,325156,1281083210.3929164,0.037669594528026054,0.2721218925971325,10.692243599426547,0.000325156
2023-01-20,3950.242242142079,3950.892005426025,3949.552644334024,3950.291741392558,164576,650123213.6314216,0.03390537154425397,0.2636714808155194,10.388401479050117,0.000164576
2023-01-21,3960.204680623278,3960.903325305205,3959.671988156948,3960.441543241479,192820,763652338.3678219,0.031090905769286848,0.2569380317551717,10.149801848921015,0.00019282
2023-01-22,3970.4068129522234,3971.3469002295715,3970.160201891669,3970.8023588600686,285040,1131837504.369474,0.02988560574550849,0.2616075885849334,10.36081561858964,0.00028504
2023-01-23,3980.434720225216,3980.5450225246655,3980.0350263230484,3980.154844834577,499535,1988226650.4144404,0.012813476397253342,0.23553138961047715,9.352485974508454,0.000499535
2023-01-24,3990.4414923083214,3991.097740426213,3990.073042961213,3990.4773439961764,496139,1979831438.972919,0.025678568669024356,0.2593491852457941,10.322499161599353,0.000496139
2023-01-25,4000.7075299938588,4001.416708572727,4000.41271985604,4000.6581015462366,212528,850251865.0054185,0.025095589055690124,0.25512630877049247,10.180757550060207,0.000212528
2023-01-26,4011.1764208307522,4011.7384752461912,4010.2024348877635,4010.853274662824,442633,1775336017.5238297,0.038297096733284394,0.2548374006928311,10.195173116587284,0.000442633
2023-01-27,4021.2057825941724,4021.5165109757427,4020.9554906860117,4021.415978900109,111335,447724348.01084363,0.013950814655201333,0.263353045198933,10.562704237285288,0.000111335
2023-01-28,4031.288270724274,4032.2636485474545,4030.9319149983476,4031.5930230693093,351081,1415415710.1321962,0.03303244006740267,0.2530711625605919,10.177044169200144,0.000351081
2023-01-29,4041.4567325247735,4042.071549019747,4041.134543724994,4041.697368481729,170698,689909657.4050941,0.02318346004974019,0.2506291025557772,10.104345412419661,0.000170698
2023-01-30,4051.0361303526247,4051.6312035997817,4050.103044050549,4051.113957385189,492256,1994185152.2066038,0.03772195907860364,0.23298599684611343,9.416588903460251,0.000492256
2023-01-31,4060.8997634601183,4060.9351507115175,4060.2198855356783,4060.695432083975,476530,1935043194.2509766,0.01761435172379256,0.23651456857487485,9.581474698785769,0.00047653
2023-02-01,4070.421848132824,4070.46864198226,4070.0622775324046,4070.3771101341135,139422,567500117.4491184,0.009983459489388294,0.23842413724610712,9.681678050138544,0.000139422
2023-02-02,4080.6368466538443,4081.197524081008,4079.753563790939,4080.580947505651,349077,1424436955.41243,0.03538614497897654,0.25068530741616524,10.203837371537247,0.000349077
2023-02-03,4090.5689783462058,4090.916773345244,4090.2744056808506,4090.6082760382114,352806,1443191143.4359372,0.015703475401356953,0.24573286650986237,10.02732853256066,0.000352806
2023-02-04,4100.917759278672,4101.0848894608835,4100.537941950803,4100.999233233001,138353,567385546.9154854,0.013336932756499045,0.25401985459370113,10.390957194789735,0.000138353
2023-02-05,4110.971549396501,4111.146108244824,4110.426106281117,4110.864494088591,238926,982192410.1146106,0.01751461194456778,0.24055749085845068,9.86526085558944,0.000238926
2023-02-06,4120.939084895415,4121.782474144478,4120.847166609214,4121.107429048438,487590,2009410771.3297276,0.0226955387930913,0.249167419032581,10.242934959846934,0.00048759
2023-02-07,4130.520905697106,4131.490956833762,4130.148359907987,4130.636975863937,314190,1297804831.4466903,0.03250338709550385,0.23123752485383342,9.529546815499089,0.00031419
2023-02-08,4140.753144213599,4141.737506384873,4140.35749089133,4140.866695085588,297255,1230893329.4476664,0.03332673073444285,0.2476547632102477,10.229719221651067,0.000297255
2023-02-09,4151.107595254306,4151.8854275521135,4150.115696878529,4151.202181354674,427607,1775083111.1625283,0.042631762951304115,0.249597174459959,10.335486269086687,0.000427607
2023-02-10,4161.526773495851,4162.343896118785,4160.909671868063,4161.423139376619,312100,1298780161.7994428,0.034464754068164793,0.24621682046352955,10.22095802194417,0.0003121
2023-02-11,4171.235422932017,4171.740920452541,4171.048703056306,4171.245660252945,159957,667219942.0770802,0.01659498031561233,0.23603754166170443,9.822520876326053,0.000159957
2023-02-12,4181.447139442196,4181.6013470417865,4181.0181778176575,4181.311707634944,447362,1870559968.1509836,0.013947040185121872,0.24131993658194073,10.066047381998942,0.000447362
2023-02-13,4191.556965895801,4191.802492066545,4191.527570910489,4191.787798046076,305582,1280934898.9025161,0.006558565683691681,0.2505455499049125,10.476090411132645,0.000305582
2023-02-14,4201.767482248872,4202.191900301414,4201.288824799348,4201.6119500691275,201385,846141622.5646713,0.021493548495142335,0.23436663534424085,9.824152023051283,0.000201385
2023-02-15,4212.083959367917,4212.728307773731,4211.406043125663,4212.1804570607965,437301,1841990726.0531433,0.03139145299085177,0.2515345804720237,10.568506991668983,0.000437301
2023-02-16,4222.287233534546,4222.485539609909,4221.4678474113025,4222.180751206378,197135,832339602.3890693,0.024103473029095948,0.2374137159488976,10.000294145581393,0.000197135
2023-02-17,4232.383124582533,4232.59138122272,4232.1093759920195,4232.28728884528,373304,1579929774.0750985,0.011388764462441773,0.23936771622139474,10.10653763890241,0.000373304
2023-02-18,4242.413016620686,4242.490220711789,4242.328015276786,4242.399809272086,274888,1166184798.7711852,0.00382343584518268,0.2389374760418228,10.112520426805531,0.000274888
2023-02-19,4252.873603029657,4253.470032322288,4252.2497469145,4252.963346746308,420269,1787388652.773724,0.028692591689540664,0.2489991030815819,10.563537474222358,0.000420269
2023-02-20,4262.975195647503,4263.961801313556,4262.0217409039815,4263.12768159216,434456,1852141400.0338035,0.04550791237033539,0.23899417928507916,10.164334845851954,0.000434456
2023-02-21,4273.207653935265,4274.202401825589,4272.523862247026,4273.3166595112,143285,612302177.5580623,0.039279550576408154,0.2390024104376387,10.188977919039644,0.000143285
2023-02-22,4283.5238001735015,4283.637628725987,4282.563904219759,4283.11528568701,170281,729333153.9620697,0.02506877435254513,0.22929791907655428,9.798626175810568,0.000170281
2023-02-23,4293.261776220444,4293.892804643034,4292.729631745333,4293.486559187733,112323,482257290.7876438,0.027091569559284157,0.24214322540840882,10.371273500722964,0.000112323
2023-02-24,4303.030238103928,4303.373941293775,4303.019629969437,4303.324720420021,248560,1069634392.5076003,0.008233432226399695,0.2291415402532193,9.838161232287348,0.00024856
2023-02-25,4312.978837444635,4312.979615191369,4312.227803561858,4312.724822084107,215168,927960374.518193,0.017432404350509308,0.21843812109927363,9.400101664085923,0.000215168
2023-02-26,4323.129550007881,4324.025374674485,4322.255073773387,4323.08681855771,292693,1265337250.1841118,0.040949927109909114,0.24026565341110917,10.36199647360354,0.000292693
2023-02-27,4332.934716019663,4333.380048562644,4332.516986325111,4332.967684419548,274353,1188762683.1235564,0.019918501599642167,0.22856043092687184,9.880865861838174,0.000274353
2023-02-28,4342.530990635319,4342.656024766603,4342.101405761769,4342.587799786125,284796,1236751635.0278893,0.012771624441576902,0.2220213965862028,9.62011536657701,0.000284796
2023-03-01,4352.741925586687,4353.169932592583,4352.112275756488,4352.781949491803,137715,599443366.1742637,0.024298410726001952,0.23474826936555893,10.194149705677773,0.000137715
2023-03-02,4362.53320392196,4363.390512159564,4361.787646022067,4362.665325449317,157537,687281207.375309,0.03674052483804735,0.22705883437756924,9.883375957513636,0.000157537
2023-03-03,4372.862545226318,4373.836849693725,4372.706964249257,4372.963164010767,196662,859995681.7606856,0.02583798221230194,0.2360446606201716,10.29783856145059,0.000196662
2023-03-04,4383.24602074963,4383.815560380722,4383.0979321672685,4383.259375687618,439572,1926758090.2897575,0.01637202255092888,0.23545159862281562,10.296211676850362,0.000439572
2023-03-05,4393.628429234265,4394.07347425011,4393.531883485995,4393.595161643882,389100,1709547877.3956347,0.012326824484026387,0.23580137679266588,10.335785956264772,0.0003891
2023-03-06,4403.525166162407,4403.593259079419,4402.737071356545,4403.2300810574725,292487,1287887556.718257,0.0194445374671033,0.2192946564058218,9.634919413590069,0.000292487
2023-03-07,4413.353779281535,4413.925439250824,4412.358334895969,4413.315794799623,409107,1805518384.8630896,0.0355085479425955,0.22905261720342907,10.085713742150801,0.000409107
2023-03-08,4422.9912925000435,4423.485268138857,4422.041997974547,4422.723968973189,145109,641777052.4137304,0.03263305995207878,0.21317699913183663,9.408174173565385,0.000145109
2023-03-09,4433.337981066883,4434.017831235764,4432.5981757675745,4433.158814052618,165084,731843589.6590624,0.032023564409405465,0.23593706395952374,10.434845079429579,0.000165084
2023-03-10,4443.235896809246,4443.866904391483,4442.91682489717,4443.215202378848,116658,518336599.0791116,0.021382702638499798,0.22684475670828874,10.056388326229353,0.000116658
2023-03-11,4453.036479640887,4453.4711700450125,4452.585505368466,4452.831633930996,427707,1904507259.6537244,0.01988992060237213,0.21642956989793571,9.616431552148242,0.000427707
2023-03-12,4463.016563641939,4463.503426010428,4462.511405813216,4463.1747489422205,138444,617899764.9425567,0.022226783691292773,0.23228174477583075,10.343115011224654,0.000138444
2023-03-13,4472.908607927922,4473.243129241415,4472.901794834452,4472.899076595445,376826,1685504667.4371552,0.00763116719420706,0.21787916002009577,9.724327653224464,0.000376826
2023-03-14,4482.810648813868,4483.189836618542,4482.776286628816,4482.8581891333815,352324,1579418528.6282296,0.009225141021168651,0.22265453271790303,9.959112537936562,0.000352324
2023-03-15,4492.733679681818,4493.61610583337,4492.247861195555,4492.998677525893,143053,642736939.8161116,0.030452816393185738,0.22620587055581787,10.140488392511543,0.000143053
2023-03-16,4503.001046426757,4503.939487651321,4502.03846897408,4503.157529667899,373605,1682402168.8715756,0.0422152381904446,0.2261040536873704,10.158852142006253,0.000373605
2023-03-17,4513.183258210625,4513.847198784018,4512.848432327429,4513.215136249803,316666,1429181784.3356802,0.022129821567041325,0.22334565281454388,10.05760658190411,0.000316666
2023-03-18,4523.181447154692,4523.371401022941,4522.1929637916155,4522.806747155131,409774,1853328612.0087469,0.026055440729745055,0.21252279396761775,9.591610905327798,0.000409774
2023-03-19,4533.234385682217,4534.232428615683,4532.668022966669,4533.35943013705,109929,498347668.7955358,0.03450874948528811,0.23332155389033105,10.552682981919133,0.000109929
2023-03-20,4543.262877985247,4544.209865884942,4542.811330565669,4543.258243716036,479223,2177233845.32833,0.030782650781678415,0.2183549248969907,9.898813578985937,0.000479223
2023-03-21,4553.457362109773,4553.612176530519,4553.357390527992,4553.402401821487,171350,780225501.5521117,0.005595508150676006,0.22327936386801195,10.144158105450515,0.00017135
2023-03-22,4563.471086185986,4563.670043281114,4562.649481734689,4563.135020155591,186321,850207880.0904098,0.022365359383774912,0.2137438661298674,9.73261833410379,0.000186321
2023-03-23,4573.606014735698,4574.025026869782,4572.707423881371,4573.384531653337,359105,1642325252.2393715,0.028810238441384597,0.22461556479205225,10.249511497746425,0.000359105
2023-03-24,4584.060784391406,4584.270310620455,4583.617734047004,4584.101763220305,169653,777706616.4356143,0.014235647617755733,0.23433917469199983,10.717231566967712,0.000169653
2023-03-25,4594.285751542484,4595.060213854405,4593.795456174657,4594.284484805851,136539,627299009.2709061,0.027528936963543724,0.22213122900642812,10.18272158554646,0.000136539
2023-03-26,4604.654218425944,4605.585405571616,4603.770005029399,4604.822079400957,118700,546592380.8248936,0.039423901964387505,0.22936312781576262,10.537594595105475,0.0001187
2023-03-27,4614.238225861995,4614.965569918106,4613.970753959089,4614.294201931788,424998,1961065807.232606,0.02155943933094302,0.205700076300519,9.472122530831257,0.000424998
2023-03-28,4624.435150512628,4624.9651143473375,4623.991549465019,4624.386207956423,216279,1000157624.6706073,0.021052845470472235,0.21871180256365363,10.092006024635339,0.000216279
2023-03-29,4634.550307611494,4635.399690709903,4633.605241168837,4634.368806807199,383086,1775361808.7245426,0.0387204733993091,0.2158686234640106,9.982598850775503,0.000383086
2023-03-30,4644.344098738739,4644.845104579654,4643.6044844587905,4644.413979215023,322363,1497187223.5816925,0.026712091695859655,0.21675384127972652,10.045172407823884,0.000322363
2023-03-31,4654.625351056807,4655.463520327036,4653.632282902418,4654.442676130344,469857,2186922472.478575,0.039343860308113425,0.2159302973465005,10.028696915321234,0.000469857
2023-04-01,4664.178422430526,4664.543429996578,4663.366509239795,4664.197269684541,246732,1150806720.7438064,0.025233082752152698,0.2095759736009395,9.754593554197527,0.000246732
2023-04-02,4674.505001819677,4674.717371635706,4674.127049473037,4674.428888231034,211833,990198294.6806446,0.01262875480157315,0.21936504729320738,10.231618546492427,0.000211833
2023-04-03,4684.997463128029,4685.74640858943,4684.510513775732,4685.168494509659,413783,1938643075.16369,0.026378876557935672,0.22975226568671125,10.739606278624706,0.000413783
2023-04-04,4695.043363492904,4695.226448998265,4694.912120070143,4694.874410598724,275707,1294409739.1229424,0.006695150937644874,0.2071625833828472,9.705916089065795,0.000275707
2023-04-05,4705.005532149961,4705.985745481335,4704.820093971524,4705.144243906714,169886,799338135.020336,0.024773980336942517,0.21874564492727622,10.269833307989757,0.000169886
2023-04-06,4714.730275242595,4715.517552925133,4714.413477971292,4714.860215548007,283477,1336554429.3229022,0.023416918071075467,0.20649678602042698,9.715971641292526,0.000283477
2023-04-07,4724.305697085423,4724.877775959208,4723.359353880549,4724.138994688548,268340,1267675457.8347251,0.032141773990262655,0.1967986051833126,9.278779140541701,0.00026834
2023-04-08,4734.567288663708,4734.570518609086,4733.737815301948,4734.217005543305,194750,921988761.8295587,0.01758903966935194,0.21333010874760028,10.07801085475694,0.00019475
2023-04-09,4744.380813601588,4745.204308506337,4744.054145654526,4744.548321324142,387742,1839660655.2068655,0.024241777592220275,0.21822649381597614,10.33131578083703,0.000387742
2023-04-10,4754.155684667009,4754.302366438148,4753.190275360186,4753.914166733171,108322,514953490.3688706,0.023393166955853233,0.1974022556991306,9.365845409029134,0.000108322
2023-04-11,4763.844169658345,4764.07436622625,4763.518350413213,4763.835529197282,288775,1375676604.9439452,0.011671599693768974,0.20869881357004072,9.921362464110643,0.000288775
2023-04-12,4773.766619435206,4774.642758561117,4773.706688866163,4774.224045451737,308984,1475158842.4598594,0.019606739986282772,0.21807042226340556,10.388516254454771,0.000308984
2023-04-13,4783.287351968303,4784.18831377056,4782.4892569402455,4783.321250003043,123349,590017892.8666253,0.03552044158258019,0.19054833758740397,9.097204551306277,0.000123349
2023-04-14,4793.5099249852965,4793.68659898929,4793.246164679221,4793.507208187509,183816,881123320.980195,0.009188143272577057,0.2129473989324726,10.185958184465562,0.000183816
2023-04-15,4803.016465279221,4803.261856061082,4802.176869820765,4802.8075065596995,285537,1371379247.000537,0.022590666788845047,0.19401865832819887,9.30029837219081,0.000285537
2023-04-16,4813.162321436796,4813.183745598447,4813.065526022658,4813.247384372126,447533,2154087041.670211,0.0024561292272877286,0.21737031513688887,10.439877812426857,0.000447533
2023-04-17,4823.319503332973,4823.627250480118,4823.16861033293,4823.266059097715,230892,1113653546.9171896,0.009508912458246283,0.20814792852985597,10.018674725588426,0.000230892
2023-04-18,4833.6612857767905,4834.4082992277245,4832.870951434701,4833.480699619044,288682,1395338875.3274248,0.031806225959370604,0.21177850021485423,10.214640521328874,0.000288682
2023-04-19,4844.002535197434,4844.329254582502,4843.563363097814,4844.0197466516665,100131,485036541.25197804,0.01581107271945649,0.21804260092428418,10.539047032622875,0.000100131
2023-04-20,4854.259667047762,4854.919777253579,4854.090080223532,4854.4957962852195,441095,2141293823.262429,0.01709131215402442,0.21626769050218098,10.476049633552975,0.000441095
2023-04-21,4863.826629809928,4864.546223408054,4863.395877240966,4864.080582103524,160872,782494371.4041581,0.023649817219736396,0.19744142791593422,9.584785818304226,0.000160872
2023-04-22,4873.531457845198,4873.788203888459,4872.8065143305,4873.402446379742,320969,1564211109.8120594,0.020143822899093312,0.19164699512825845,9.321864276218548,0.000320969
2023-04-23,4883.058280170918,4883.199368143709,4882.217244585969,4882.693631136747,183095,893996790.3929827,0.020114380133890858,0.19065088219643034,9.291184757004885,0.000183095
2023-04-24,4892.614039641881,4893.164092692997,4892.19702922416,4892.741390867518,159750,781615437.191086,0.019765268416627246,0.2057831289413059,10.04775973077085,0.00015975
2023-04-25,4902.276172754822,4902.846720854295,4901.753173126337,4902.334943311024,460546,2257750748.802119,0.022306671017047232,0.19607724335100052,9.593552443506269,0.000460546
2023-04-26,4912.003099979432,4912.139948814471,4911.221246230303,4911.686602243711,113799,558945023.6487321,0.018704421893444987,0.19075928186926827,9.351658932686405,0.000113799
2023-04-27,4922.1266538571435,4923.039742933473,4921.915437570189,4922.359391776252,422935,2081838069.3608892,0.022840781702403768,0.21729378107442354,10.672789532541174,0.000422935
2023-04-28,4931.843080570101,4932.710407078497,4931.755798400886,4931.978027392415,448880,2213866296.9359074,0.01935549331949397,0.19540701624169987,9.618635616163374,0.00044888
2023-04-29,4941.510665699435,4941.824076291148,4941.1262726148225,4941.5891557887535,442311,2185719241.086079,0.01412103787520085,0.1948737067147821,9.611128396338245,0.000442311
2023-04-30,4951.72183841908,4952.136055383445,4950.898928369927,4951.611483539763,235858,1167877181.2847214,0.024984331214810123,0.20281588442594423,10.02232775100947,0.000235858
2023-05-01,4961.414321532306,4961.47698209669,4960.438969886179,4961.087609710133,448430,2224700516.8223147,0.02092307760257984,0.19137458990614586,9.476126170369753,0.00044843
2023-05-02,4971.13677813753,4971.429838300628,4970.467872120964,4971.088161939049,125994,626327281.8753486,0.019351219457933125,0.20157983522288703,10.000552228916604,0.000125994
2023-05-03,4980.739484511764,4981.492925678838,4980.045444735109,4980.7569441210335,357379,1780017935.9330308,0.02906146515415332,0.19450031596728312,9.66878218198417,0.000357379
2023-05-04,4990.964477588277,4991.4279092869965,4990.07014316634,4990.708028357931,138673,692076454.4164793,0.027205881669321343,0.1997906010780648,9.951084236897259,0.000138673
2023-05-05,5001.129305291309,5001.222632695062,5000.398552833989,5001.037460447588,471466,2357819127.3273826,0.016478178129852136,0.20697327976240132,10.32943208965753,0.000471466
2023-05-06,5011.581817428723,5012.449640904634,5010.733559480565,5011.683505785771,343237,1720195211.4753907,0.03424161605751082,0.21287673652476968,10.646045338182375,0.000343237
2023-05-07,5021.735150674269,5021.794406473985,5020.96850868399,5021.363517908208,435670,2187657443.8470693,0.016447679739766144,0.19314891116453126,9.680012122437802,0.00043567
2023-05-08,5031.589077497762,5031.623215137087,5031.197236616554,5031.333455117547,233534,1174987427.1074212,0.008466513387218605,0.19855039719354206,9.96993720933824,0.000233534
2023-05-09,5041.886362073515,5042.052119412226,5041.240713123224,5041.89855040999,202263,1019789526.5015758,0.016093268852777124,0.2099859885394295,10.565095292443402,0.000202263
2023-05-10,5051.681415665223,5052.538826407498,5051.099527657506,5051.57414421622,435109,2197985374.3157754,0.028492084029692475,0.19190377810047732,9.6755938062297,0.000435109
2023-05-11,5061.931079122683,5061.943541689139,5061.054138335338,5061.512940947124,159399,806800101.2740306,0.017571887381847073,0.1967465278577274,9.93879673090396,0.000159399
2023-05-12,5071.791442369067,5072.622274713297,5071.38704375321,5071.992524238331,149095,756208725.4013139,0.02435395861063279,0.2070444828151663,10.479583291206836,0.000149095
2023-05-13,5081.810392434304,5082.393867024855,5080.949859322269,5081.654189504662,234483,1191561519.3176217,0.028416095403911924,0.19049052655657484,9.66166526633151,0.000234483
2023-05-14,5091.3247282188995,5091.515272723556,5090.904359611396,5091.167983806949,100040,509320445.10004723,0.011999468768332005,0.18721845185640795,9.513794302287351,0.00010004
2023-05-15,5101.750668488223,5102.092698565776,5101.329814586744,5101.696854739678,440478,2247185227.182024,0.014953534103531022,0.20680659067264795,10.52887093272875,0.000440478
